{"type":"FeatureCollection","features":[{"type":"Feature","properties":{},"geometry":{"type":"LineString","coordinates":[[11.4375,58.9917],[11.4009,59.0259],[11.3768,59.0788],[11.3583,59.1003],[11.3168,59.1065],[11.2593,59.1041],[11.2035,59.0991],[11.1654,59.0886],[11.132,59.0728],[11.1172,59.0527],[11.1019,59.0026],[11.0897,58.9813],[11.0543,58.9613],[10.907,58.9369]]}},{"type":"Feature","properties":{},"geometry":{"type":"MultiLineString","coordinates":[[[8.3941,55.0963],[8.4524,55.0715],[8.4662,55.0589],[8.4713,55.046],[8.4726,55.0157],[8.4768,55.0039],[8.4871,54.9933],[8.4878,54.9932],[8.4886,54.993],[8.4893,54.9927],[8.4899,54.9923],[8.5283,54.9827],[8.5425,54.9734],[8.5478,54.955],[8.5491,54.9328],[8.5554,54.9196],[8.5689,54.9129],[8.6608,54.8963]],[[9.4375,54.8104],[9.5856,54.8786],[9.5921,54.8745],[9.5954,54.8651],[9.6047,54.8542],[9.6387,54.8378],[9.6791,54.8275],[9.7604,54.8194],[9.8855,54.8308],[9.9238,54.8241],[10.0387,54.768]]]}},{"type":"Feature","properties":{},"geometry":{"type":"LineString","coordinates":[[14.2639,53.7],[14.2772,53.7351],[14.2634,53.7801],[14.2321,53.8175],[14.2013,53.8772]]}},{"type":"Feature","properties":{},"geometry":{"type":"LineString","coordinates":[[20.9894,55.2731],[21.2087,55.2409],[21.2458,55.2448],[21.2675,55.2486]]}},{"type":"Feature","properties":{},"geometry":{"type":"MultiLineString","coordinates":[[[25.1833,51.9498],[25.352,51.9215],[25.5474,51.9194],[25.6835,51.918]],[[24.7218,51.8823],[25.0027,51.9105],[25.0927,51.9398],[25.138,51.9489],[25.1833,51.9498]],[[25.7679,51.9285],[25.9811,51.9035]],[[25.6835,51.918],[25.7679,51.9285]],[[26.0506,51.9048],[26.0808,51.9007],[26.1454,51.8648],[26.1753,51.8567],[26.4078,51.8506],[26.4198,51.8469],[26.42,51.8397],[26.417,51.8306],[26.4192,51.8209],[26.4315,51.8102],[26.4456,51.8056],[26.6657,51.8014],[26.8548,51.7493],[26.9208,51.7425]],[[25.9811,51.9035],[26.0506,51.9048]],[[24.6398,51.8921],[24.7011,51.8829],[24.7218,51.8823]],[[23.9413,51.5819],[23.9813,51.586],[24.1308,51.6698],[24.2441,51.7182],[24.2723,51.7429],[24.2961,51.8081],[24.3115,51.8276],[24.3479,51.8612],[24.3696,51.8751],[24.3908,51.88],[24.6398,51.8921]],[[27.0216,51.7645],[27.11,51.7624],[27.1511,51.7568],[27.1779,51.7471],[27.1842,51.7314],[27.1815,51.7101],[27.1811,51.6834],[27.189,51.6638],[27.2036,51.6551],[27.2236,51.6537]],[[26.9208,51.7425],[27.0216,51.7645]],[[27.2479,51.6557],[27.2775,51.6511],[27.2745,51.6338],[27.2597,51.6123],[27.254,51.5954],[27.2675,51.5875]],[[27.2236,51.6537],[27.2479,51.6557]],[[28.21,51.652],[28.2304,51.6511],[28.2451,51.6406],[28.2489,51.6306],[28.2484,51.6221],[28.2494,51.6131],[28.2578,51.6018],[28.2697,51.5943],[28.2985,51.583],[28.3109,51.5745],[28.3174,51.564],[28.3282,51.5364],[28.3339,51.5284],[28.3469,51.5252]],[[28.0708,51.5576],[28.0902,51.562],[28.1142,51.5756],[28.1467,51.6144],[28.1662,51.6331],[28.1876,51.6452],[28.21,51.652]],[[23.7262,51.6449],[23.7497,51.6445],[23.8203,51.6313],[23.8453,51.6298],[23.8849,51.6199],[23.9129,51.5986],[23.9413,51.5819]],[[23.6154,51.5131],[23.6241,51.5159],[23.6287,51.5312],[23.6263,51.5409],[23.5991,51.589],[23.5933,51.597],[23.5944,51.605],[23.6064,51.6181],[23.6167,51.6248],[23.629,51.629],[23.7262,51.6449]],[[29.0837,51.6312],[29.1239,51.625],[29.148,51.6156],[29.1604,51.6033],[29.1815,51.567],[29.2148,51.5355],[29.2265,51.5191],[29.2304,51.4929],[29.221,51.467],[29.2278,51.4556],[29.2444,51.4479],[29.2649,51.4329],[29.2761,51.4136],[29.2846,51.3917],[29.297,51.3737],[29.3199,51.3656]],[[28.7288,51.4013],[28.7468,51.414],[28.7516,51.4287],[28.7494,51.4669],[28.7522,51.4837],[28.7719,51.5113],[28.7999,51.5326],[28.8319,51.5483],[28.8636,51.5589],[28.8929,51.5629],[28.9546,51.5633],[28.9808,51.5695],[29,51.5824],[29.0236,51.614],[29.0436,51.6262],[29.0632,51.6306],[29.0837,51.6312]],[[27.4773,51.6237],[27.5123,51.6231],[27.5124,51.6231],[27.6206,51.5959],[27.6768,51.5948],[27.6927,51.5892],[27.7052,51.5684],[27.6973,51.5432],[27.6641,51.4929],[27.6662,51.4902],[27.6703,51.4848],[27.6838,51.4755],[27.7,51.4675],[27.7143,51.4637]],[[27.3884,51.5907],[27.409,51.5917],[27.431,51.5984],[27.4588,51.6175],[27.4773,51.6237]],[[27.8542,51.6153],[27.8756,51.608],[27.9361,51.567],[27.9548,51.5608],[27.9732,51.5578],[28.0708,51.5576]],[[27.7143,51.4637],[27.7301,51.4652],[27.7406,51.4714],[27.7873,51.5109],[27.7925,51.5173],[27.7971,51.5306],[27.7963,51.5415],[27.7937,51.5523],[27.7932,51.565],[27.7995,51.5852],[27.8125,51.602],[27.8313,51.6129],[27.8542,51.6153]],[[27.3291,51.597],[27.3884,51.5907]],[[27.2675,51.5875],[27.2893,51.589],[27.3291,51.597]],[[28.4884,51.572],[28.5781,51.5601],[28.6039,51.5535],[28.6127,51.5399],[28.6152,51.5196],[28.6309,51.4636],[28.6373,51.4496],[28.647,51.439],[28.6636,51.434]],[[28.3469,51.5252],[28.3596,51.5294],[28.3855,51.545],[28.4353,51.5661],[28.4612,51.5717],[28.4884,51.572]],[[23.6062,51.5174],[23.6154,51.5131]],[[29.6608,51.4931],[29.6827,51.4912],[29.7,51.4837],[29.7165,51.4657],[29.7253,51.4505],[29.7379,51.4395],[29.8286,51.43]],[[29.4464,51.3849],[29.4663,51.3851],[29.4809,51.4013],[29.4955,51.4256],[29.5055,51.4375],[29.519,51.4418],[29.545,51.4437],[29.5682,51.4496],[29.5832,51.4608],[29.5973,51.474],[29.618,51.4856],[29.6378,51.4909],[29.6608,51.4931]],[[29.9126,51.4574],[29.9251,51.4579],[29.9857,51.4779],[30.0087,51.4821]],[[29.8863,51.4648],[29.8966,51.4642],[29.9126,51.4574]],[[29.8286,51.43],[29.8466,51.4329],[29.8568,51.4399],[29.8736,51.4592],[29.8863,51.4648]],[[28.6911,51.4434],[28.704,51.4426],[28.7111,51.4302],[28.7182,51.4116],[28.7288,51.4013]],[[28.6636,51.434],[28.6779,51.4381],[28.6911,51.4434]],[[29.4027,51.3961],[29.4464,51.3849]],[[29.3199,51.3656],[29.3406,51.3701],[29.3533,51.3771],[29.3797,51.3915],[29.4027,51.3961]]]}},{"type":"Feature","properties":{},"geometry":{"type":"MultiLineString","coordinates":[[[26.5423,55.3076],[26.5254,55.3081],[26.4658,55.3209],[26.45,55.3271],[26.4455,55.3375],[26.4552,55.3561],[26.4791,55.3814],[26.486,55.3908],[26.4992,55.4281],[26.5078,55.4391],[26.5433,55.4596],[26.5465,55.4712],[26.5277,55.4922],[26.5321,55.5163],[26.5516,55.5345],[26.5761,55.5506],[26.5956,55.568],[26.6052,55.5901],[26.6077,55.6165],[26.6038,55.6433],[26.5945,55.667]],[[26.5789,55.1185],[26.6009,55.1208],[26.6163,55.1354],[26.6275,55.1644],[26.6339,55.1922],[26.6411,55.2028],[26.657,55.2153],[26.6857,55.2316],[26.7011,55.2368],[26.7399,55.2428],[26.7656,55.2467],[26.7897,55.2572],[26.8007,55.2733],[26.7916,55.2902],[26.7686,55.3002],[26.6027,55.3169]],[[26.6027,55.3169],[26.5423,55.3076]],[[26.4734,55.1457],[26.5789,55.1185]],[[26.4203,55.1281],[26.4288,55.1282],[26.4386,55.13],[26.4448,55.1339],[26.4507,55.1398],[26.4591,55.1447],[26.4734,55.1457]],[[26.3095,55.1446],[26.4203,55.1281]],[[25.9811,54.9427],[26.1026,54.957],[26.1386,54.9689],[26.1536,54.9785],[26.1703,54.9933],[26.1878,55.0087],[26.2246,55.0549],[26.2294,55.0634],[26.2312,55.0755],[26.2303,55.1003],[26.233,55.1116],[26.2644,55.1401],[26.3095,55.1446]],[[25.9079,54.9481],[25.9261,54.9478],[25.9625,54.9429],[25.9811,54.9427]],[[25.564,54.3031],[25.5423,54.3081],[25.5287,54.321],[25.53,54.3461],[25.5488,54.3677],[25.5947,54.4001],[25.6126,54.4218],[25.6163,54.4411],[25.6156,54.4619],[25.6199,54.4881],[25.6309,54.5084],[25.6462,54.5204],[25.7074,54.5415],[25.7265,54.553],[25.7404,54.5685],[25.7456,54.5884],[25.7399,54.6077],[25.7151,54.6432],[25.7084,54.663],[25.7095,54.6756],[25.7139,54.6856],[25.7191,54.6948],[25.7231,54.7053],[25.7246,54.7157],[25.7212,54.7667],[25.7243,54.7801],[25.7349,54.7891],[25.7568,54.8004],[25.7666,54.8033],[25.7734,54.8034],[25.7785,54.8053],[25.7829,54.8137],[25.7823,54.822],[25.7737,54.8419],[25.7723,54.8509],[25.7827,54.8697],[25.8025,54.8816],[25.8258,54.892],[25.8467,54.9062],[25.8531,54.9164],[25.8548,54.9255],[25.8585,54.933],[25.8702,54.9388],[25.9079,54.9481]],[[25.7233,54.281],[25.7192,54.2815],[25.7154,54.2852],[25.7048,54.303],[25.7018,54.3128],[25.696,54.321],[25.6823,54.3256]],[[25.6823,54.3256],[25.6674,54.3233],[25.6074,54.3049],[25.564,54.3031]],[[25.4594,54.2989],[25.4721,54.2972],[25.4787,54.2933],[25.4835,54.2877],[25.554,54.2313],[25.5455,54.2275]],[[25.2876,54.2452],[25.3697,54.2479],[25.394,54.2572],[25.4341,54.2918],[25.4594,54.2989]],[[25.7281,54.1452],[25.74,54.1463],[25.7631,54.1564],[25.771,54.1721],[25.7719,54.2179],[25.775,54.2225],[25.7868,54.2318],[25.7892,54.2362],[25.7866,54.2423],[25.7818,54.2444],[25.7763,54.2456],[25.7723,54.2489],[25.7656,54.26],[25.7578,54.269],[25.7489,54.2763],[25.7393,54.2826],[25.7347,54.2832]],[[25.7347,54.2832],[25.7233,54.281]],[[25.2241,54.2586],[25.2876,54.2452]],[[25.0271,54.1279],[25.072,54.1322],[25.1156,54.1488],[25.1565,54.1757],[25.1731,54.1966],[25.1935,54.2437],[25.2062,54.2568],[25.2241,54.2586]],[[25.5455,54.2275],[25.5221,54.2286]],[[25.5221,54.2286],[25.5017,54.2218],[25.4993,54.2118],[25.5234,54.2042],[25.529,54.1957],[25.5217,54.1882],[25.4932,54.1824],[25.4858,54.1754],[25.4933,54.1575],[25.516,54.1448],[25.543,54.137],[25.6316,54.1283]],[[24.9023,54.1498],[24.9483,54.1459],[25.0271,54.1279]],[[24.7239,53.9634],[24.7887,53.9697],[24.8064,53.9753],[24.8191,53.9923],[24.8192,53.9924],[24.8193,53.9925],[24.8194,53.9926],[24.8214,54.0199],[24.8125,54.0389],[24.799,54.056],[24.7871,54.0776],[24.7825,54.0929],[24.7843,54.0962],[24.7906,54.0966],[24.7994,54.1032],[24.8182,54.1101],[24.8187,54.114],[24.8174,54.1206],[24.8175,54.1282],[24.8216,54.1345],[24.851,54.145],[24.856,54.1467],[24.9023,54.1498]],[[25.6906,54.1482],[25.7281,54.1452]],[[25.6316,54.1283],[25.6535,54.1287],[25.6639,54.1324],[25.6798,54.1453],[25.6906,54.1482]],[[24.6706,53.9943],[24.6743,53.9937],[24.6779,53.9923],[24.6908,53.9728],[24.7056,53.9642],[24.7239,53.9634]],[[24.3779,53.8868],[24.414,53.8977],[24.5287,53.9584],[24.5791,53.9756],[24.643,53.983],[24.6668,53.9939],[24.6706,53.9943]],[[24.1696,53.9589],[24.2011,53.9525],[24.2291,53.9324],[24.2464,53.9036],[24.2571,53.894],[24.2764,53.8918]],[[23.9813,53.9304],[24.0454,53.9309],[24.0749,53.9357],[24.1367,53.9554],[24.1696,53.9589]],[[23.9198,53.9478],[23.9354,53.9439],[23.9649,53.9327],[23.9813,53.9304]],[[23.8206,53.9193],[23.8283,53.9201],[23.9047,53.9461],[23.9198,53.9478]],[[23.4856,53.9393],[23.5201,53.934],[23.61,53.9018],[23.6271,53.8982]],[[23.7872,53.9279],[23.7941,53.9271],[23.8121,53.9208],[23.8206,53.9193]],[[23.6271,53.8982],[23.6426,53.899],[23.6919,53.9115],[23.7544,53.9168],[23.7718,53.9243],[23.7872,53.9279]],[[24.3102,53.8927],[24.3419,53.887],[24.3779,53.8868]],[[24.2764,53.8918],[24.3102,53.8927]]]}},{"type":"Feature","properties":{},"geometry":{"type":"MultiLineString","coordinates":[[[14.3194,51.04],[14.3566,51.0323],[14.3641,51.028],[14.3694,51.0224],[14.3759,51.017],[14.3867,51.0133],[14.3978,51.0131]],[[14.3465,50.8802],[14.3759,50.896],[14.3819,50.9209],[14.3552,50.9306],[14.3183,50.9375],[14.2928,50.9535],[14.2937,50.964],[14.3022,50.9677],[14.3038,50.9697],[14.2838,50.9748],[14.25,50.9776],[14.2383,50.9825],[14.2495,50.9927],[14.2636,51.0214],[14.2875,51.0368],[14.3194,51.04]],[[14.4821,51.0372],[14.4879,51.0287],[14.4901,51.0227],[14.4935,51.0167],[14.5029,51.0085],[14.5153,51.003],[14.5423,50.9987],[14.5546,50.9927],[14.5667,50.9834],[14.5743,50.9755],[14.5774,50.9657],[14.5756,50.9507],[14.5678,50.9386],[14.5558,50.9243],[14.5504,50.9121],[14.5618,50.9064]],[[14.4621,51.0197],[14.4735,51.0234],[14.4821,51.0372]],[[14.4258,51.0209],[14.4621,51.0197]],[[14.3978,51.0131],[14.4258,51.0209]],[[14.6171,50.9209],[14.6292,50.9207],[14.6346,50.9094],[14.6288,50.8961],[14.6119,50.871],[14.6083,50.8531],[14.6132,50.8456],[14.6479,50.8394],[14.6622,50.8344],[14.7004,50.816],[14.7375,50.8107],[14.7592,50.8102]],[[14.5618,50.9064],[14.6171,50.9209]],[[14.2681,50.8841],[14.3465,50.8802]],[[14.0157,50.8018],[14.0349,50.8026],[14.1908,50.8479],[14.203,50.8551],[14.2213,50.8726],[14.2321,50.8794],[14.2681,50.8841]],[[14.7592,50.8102],[14.7754,50.813],[14.7851,50.8201],[14.7946,50.8316],[14.8104,50.8584]],[[13.9791,50.8048],[14.0157,50.8018]],[[13.9107,50.7788],[13.9233,50.78],[13.9335,50.7848],[13.9488,50.7972],[13.9596,50.8021],[13.9791,50.8048]],[[13.901,50.7806],[13.9107,50.7788]],[[13.8166,50.7214],[13.8345,50.7237],[13.8635,50.7351],[13.8696,50.7353],[13.8754,50.7365],[13.8822,50.7427],[13.8827,50.748],[13.8803,50.755],[13.8791,50.7635],[13.8833,50.7732],[13.8925,50.7804],[13.901,50.7806]],[[13.7707,50.7246],[13.8166,50.7214]],[[13.6918,50.7118],[13.711,50.7143],[13.7491,50.7232],[13.7707,50.7246]],[[13.6019,50.7122],[13.6918,50.7118]],[[13.4293,50.5943],[13.4479,50.5973],[13.4649,50.6071],[13.4823,50.6209],[13.4922,50.6245],[13.4982,50.6292],[13.4991,50.6352],[13.4933,50.6432],[13.51,50.6512],[13.5233,50.6622],[13.5272,50.6757],[13.5156,50.691],[13.5566,50.7067],[13.6019,50.7122]],[[13.3688,50.6283],[13.381,50.6255],[13.3863,50.6216],[13.4004,50.6066],[13.407,50.6013],[13.4293,50.5943]],[[13.2846,50.569],[13.3056,50.5758],[13.3163,50.596],[13.3219,50.6024],[13.3594,50.6193],[13.3654,50.6235],[13.366,50.6271],[13.3688,50.6283]],[[13.2323,50.582],[13.2518,50.5809],[13.268,50.5737],[13.2846,50.569]],[[13.1601,50.497],[13.1847,50.5088],[13.1991,50.5253],[13.2323,50.582]],[[13.1074,50.499],[13.1601,50.497]],[[13.0604,50.4906],[13.0698,50.4911],[13.0789,50.4927],[13.079,50.4927],[13.0792,50.4928],[13.1074,50.499]],[[13.0263,50.4976],[13.0345,50.4965],[13.0423,50.4928],[13.0511,50.4911],[13.0604,50.4906]],[[12.9526,50.4042],[12.9606,50.4092],[12.9824,50.423],[12.9966,50.4337],[13.0031,50.4519],[13.0096,50.4927],[13.0179,50.4964],[13.0263,50.4976]],[[12.8174,50.443],[12.8258,50.4414],[12.9184,50.4054],[12.9526,50.4042]],[[12.7881,50.4343],[12.7943,50.4359],[12.8084,50.4418],[12.8174,50.443]],[[12.7703,50.4359],[12.7881,50.4343]],[[12.6788,50.3937],[12.6918,50.3947],[12.703,50.4015],[12.7251,50.4234],[12.7379,50.4315],[12.7542,50.4353],[12.7703,50.4359]],[[12.6254,50.3999],[12.6788,50.3937]],[[12.4628,50.3405],[12.4668,50.3419],[12.469,50.3456],[12.4684,50.3495],[12.467,50.3528],[12.4668,50.3549],[12.4695,50.3594],[12.4716,50.3645],[12.4751,50.3694],[12.4825,50.3736],[12.5102,50.3888],[12.5505,50.3964],[12.6254,50.3999]],[[12.4538,50.3407],[12.4628,50.3405]],[[12.3004,50.1608],[12.3144,50.1673],[12.3144,50.1762],[12.3086,50.1869],[12.3056,50.1993],[12.3087,50.2171],[12.3141,50.2265],[12.3338,50.2427],[12.3365,50.2586],[12.3447,50.2664],[12.3558,50.2714],[12.3672,50.2791],[12.3982,50.3152],[12.4089,50.322],[12.4383,50.3325],[12.4502,50.3394],[12.4538,50.3407]],[[12.0761,50.3152],[12.1013,50.314],[12.1493,50.3117],[12.1685,50.303],[12.1744,50.2937],[12.1741,50.2766],[12.178,50.2688],[12.1892,50.2625],[12.2038,50.2596],[12.2325,50.2591],[12.2396,50.2566],[12.243,50.253],[12.2424,50.2484],[12.238,50.2427],[12.2364,50.2426],[12.2351,50.2423],[12.2338,50.2417],[12.2325,50.241],[12.2298,50.2391],[12.2289,50.237],[12.2299,50.2348],[12.2325,50.2325],[12.25,50.2212],[12.2543,50.2174],[12.2585,50.2109],[12.2602,50.2051],[12.2612,50.1999],[12.2732,50.1723],[12.2834,50.1622],[12.3004,50.1608]],[[12.3982,49.9928],[12.2469,50.045],[12.2437,50.0513],[12.2435,50.0604],[12.2414,50.0706],[12.2325,50.0805],[12.218,50.0886],[12.202,50.0945],[12.1879,50.1028],[12.1792,50.118],[12.1786,50.133],[12.1856,50.1557],[12.1827,50.1707],[12.1751,50.1826],[12.1638,50.1938],[12.1393,50.211],[12.0899,50.2308],[12.0796,50.2427],[12.0921,50.2548],[12.1024,50.2592],[12.1091,50.2638],[12.111,50.2766],[12.1073,50.2909],[12.0992,50.2998],[12.0761,50.3152]],[[12.4825,49.8272],[12.4899,49.8427],[12.5129,49.8702],[12.521,49.8855],[12.5241,49.905],[12.5179,49.9122],[12.5036,49.9158],[12.4627,49.9313],[12.4638,49.9421],[12.4707,49.9556],[12.4682,49.9702],[12.4513,49.9806],[12.4145,49.983],[12.3992,49.9928]],[[12.3992,49.9928],[12.3982,49.9928]],[[12.4625,49.8312],[12.4825,49.8272]],[[12.605,49.5128],[12.5937,49.515],[12.5829,49.5224],[12.575,49.5299],[12.5687,49.5388],[12.5623,49.5508],[12.5583,49.5626],[12.5536,49.5847],[12.5466,49.5956],[12.5361,49.6031],[12.5122,49.6117],[12.502,49.6197],[12.5027,49.6221],[12.5074,49.63],[12.4995,49.6325],[12.4969,49.6339],[12.5054,49.6461],[12.5046,49.6594],[12.4964,49.67],[12.4825,49.6747],[12.4492,49.685],[12.4339,49.6918],[12.4196,49.7002],[12.3989,49.7195],[12.3886,49.7323],[12.3836,49.7429],[12.3954,49.7579],[12.4367,49.7693],[12.4527,49.7797],[12.4559,49.7961],[12.4564,49.8171],[12.4625,49.8312]],[[12.8567,49.3222],[12.7978,49.3278],[12.7779,49.3325],[12.7621,49.3432],[12.7293,49.3911],[12.7092,49.4047],[12.6631,49.4189],[12.6435,49.4295],[12.6322,49.444],[12.6272,49.4602],[12.6243,49.493],[12.623,49.5098],[12.6155,49.5138]],[[12.6155,49.5138],[12.605,49.5128]],[[13.4823,48.9376],[13.4589,48.945],[13.4273,48.96],[13.3985,48.9777],[13.3842,48.993],[13.3836,49.0211],[13.3724,49.0385],[13.3299,49.0669],[13.2995,49.0936],[13.2873,49.1006],[13.2673,49.1056],[13.2068,49.1075],[13.1785,49.1183],[13.1626,49.1351],[13.1495,49.1548],[13.0558,49.2382],[13.0434,49.2428],[13.0432,49.2429],[13.0113,49.2678],[13.0067,49.2771],[13.0054,49.2868],[12.9998,49.2949],[12.9824,49.2996],[12.9543,49.3191],[12.9399,49.3268],[12.9229,49.3327],[12.8847,49.3396]],[[12.8847,49.3396],[12.8709,49.3367],[12.8754,49.3239],[12.8567,49.3222]],[[13.5905,48.9448],[13.5734,48.951],[13.5565,48.96],[13.5389,48.967],[13.5224,48.9693],[13.516,48.9702]],[[13.516,48.9702],[13.5021,48.9661],[13.4926,48.955],[13.4823,48.9376]],[[13.8157,48.7664],[13.7962,48.7798],[13.7479,48.8434],[13.7247,48.8673],[13.7106,48.8725],[13.6734,48.8763],[13.6544,48.8822],[13.6374,48.8935],[13.6218,48.9091],[13.6111,48.9272],[13.6087,48.9462]],[[13.6087,48.9462],[13.5905,48.9448]]]}},{"type":"Feature","properties":{},"geometry":{"type":"MultiLineString","coordinates":[[[25.3337,58.0318],[25.3246,58.0348],[25.3183,58.0406],[25.3064,58.0587],[25.2996,58.0656],[25.2817,58.0734],[25.2635,58.0751]],[[25.2635,58.0751],[25.2507,58.0685],[25.2495,58.0512],[25.2776,58.0241],[25.2844,58.0081],[25.2645,57.9942],[25.2325,57.9854],[25.2168,57.9854]],[[25.2168,57.9854],[25.2021,57.992],[25.1899,58.0135],[25.1807,58.0382],[25.167,58.0587],[25.141,58.068]],[[25.141,58.068],[25.0942,58.0673],[25.0706,58.0636],[25.0488,58.0562],[25.0349,58.0486],[24.9748,58.0158],[24.9493,58.0064],[24.8725,58.0004],[24.8483,57.9921],[24.8274,57.9819],[24.8168,57.9767]],[[25.6251,57.9103],[25.6015,57.9122],[25.5794,57.9195],[25.5583,57.9342],[25.5529,57.9422],[25.5521,57.9488],[25.5518,57.9499],[25.5503,57.9553],[25.5417,57.9628],[25.532,57.9664],[25.4966,57.9706],[25.4572,57.9841],[25.3966,58.0232],[25.3565,58.0348]],[[25.3565,58.0348],[25.3464,58.0344],[25.3399,58.0326],[25.3337,58.0318]],[[24.8168,57.9767],[24.7908,57.979],[24.7647,57.9879],[24.7335,57.9922]],[[24.7335,57.9922],[24.7188,57.9818],[24.7004,57.9542],[24.6848,57.9476],[24.6241,57.944]],[[24.6241,57.944],[24.5539,57.9474]],[[24.5539,57.9474],[24.5338,57.9451],[24.4813,57.9193],[24.4416,57.9081],[24.4291,57.9003],[24.4127,57.8766],[24.4015,57.8665],[24.3782,57.8594],[24.3497,57.8586]],[[26.4996,57.5158],[26.4811,57.5271],[26.4476,57.5529],[26.4309,57.5617],[26.4307,57.5618],[26.3513,57.5802],[26.3386,57.5832],[26.2972,57.5991],[26.2632,57.6208],[26.1685,57.7041],[26.1352,57.7248],[26.0247,57.7744],[26.0161,57.7867],[26.0131,57.8073],[26.0161,57.8165],[26.0218,57.8224],[26.0253,57.8284],[26.022,57.8379],[26.0145,57.8428],[26.0027,57.846],[25.7926,57.856],[25.7675,57.8689],[25.7547,57.8889],[25.7454,57.9092],[25.7303,57.9231],[25.715,57.9234]],[[25.715,57.9234],[25.7038,57.9213],[25.6501,57.9114],[25.6251,57.9103]],[[24.3497,57.8586],[24.3062,57.8682]],[[26.9116,57.6134],[26.8961,57.615],[26.885,57.6221],[26.8727,57.6272]],[[26.8727,57.6272],[26.8542,57.6226],[26.8385,57.6099],[26.8283,57.595],[26.8163,57.5812],[26.7958,57.5713],[26.7781,57.5685]],[[27.32,57.5161],[27.1657,57.5467],[27.0854,57.5494],[27.0615,57.5557],[27.0413,57.5685],[27.0046,57.5989],[26.9811,57.609],[26.9466,57.6153],[26.9292,57.6156]],[[26.9292,57.6156],[26.9116,57.6134]],[[26.7781,57.5685],[26.7005,57.5708]],[[26.7005,57.5708],[26.667,57.5649],[26.6343,57.5544],[26.6048,57.5403],[26.5984,57.5339],[26.5948,57.5265],[26.5901,57.5204],[26.5799,57.5178]],[[26.5799,57.5178],[26.5702,57.5196],[26.5517,57.5268],[26.5422,57.5282]],[[26.5422,57.5282],[26.5287,57.5239],[26.5151,57.5173],[26.4996,57.5158]],[[27.3529,57.5276],[27.32,57.5161]]]}},{"type":"Feature","properties":{},"geometry":{"type":"MultiLineString","coordinates":[[[27.5282,57.5285],[27.5228,57.492],[27.5256,57.4684],[27.5148,57.4479],[27.5113,57.4304],[27.5363,57.4157],[27.6408,57.389],[27.6944,57.3564],[27.708,57.3481],[27.8091,57.3139],[27.8277,57.305],[27.8403,57.2906],[27.8461,57.2673],[27.8412,57.2112],[27.8339,57.1805],[27.8243,57.1591],[27.794,57.1434],[27.701,57.1188],[27.6822,57.1037],[27.6961,57.0855],[27.7221,57.078],[27.7455,57.068],[27.7507,57.0424],[27.7458,57.0315],[27.7296,57.0099],[27.7234,56.9988],[27.7208,56.9887],[27.7185,56.9687],[27.7151,56.9574],[27.6487,56.8793],[27.6284,56.8442],[27.6444,56.8418],[27.6612,56.8393]],[[27.3529,57.5276],[27.5282,57.5285]],[[27.7864,56.8713],[27.8308,56.8643],[27.8522,56.8543],[27.8915,56.8297],[27.9135,56.8202],[27.9189,56.8059],[27.9001,56.783],[27.8761,56.7594],[27.8655,56.7427],[27.8826,56.7255],[27.981,56.687],[27.9913,56.67],[27.9922,56.625],[27.9974,56.6038],[28.011,56.5876],[28.0287,56.5768],[28.1087,56.5552],[28.1261,56.5478],[28.1322,56.536],[28.1252,56.5271],[28.0992,56.5134],[28.0933,56.5016],[28.0965,56.492],[28.1045,56.4831],[28.1565,56.4462],[28.1643,56.438],[28.1679,56.4271],[28.1643,56.3928],[28.1671,56.3699],[28.1744,56.3496],[28.2148,56.2814],[28.2173,56.2707],[28.2153,56.256],[28.2094,56.2481],[28.2014,56.2417],[28.1931,56.231],[28.1844,56.2075],[28.1786,56.1839],[28.1691,56.1617],[28.1489,56.1424]],[[27.6612,56.8393],[27.7441,56.8648],[27.7864,56.8713]]]}},{"type":"Feature","properties":{},"geometry":{"type":"MultiLineString","coordinates":[[[24.871,56.4426],[24.8923,56.4387],[24.9101,56.422],[24.9363,56.3799],[24.9621,56.3193],[24.9732,56.3008],[24.9832,56.2905],[25.0165,56.2699],[25.0262,56.2602],[25.044,56.228],[25.0731,56.1978],[25.1092,56.1831],[25.3491,56.1599],[25.4548,56.1496]],[[24.8377,56.4039],[24.8459,56.4049],[24.8522,56.4137],[24.8534,56.4247],[24.8571,56.4354],[24.871,56.4426]],[[22.0941,56.4174],[22.1391,56.4157],[22.1582,56.4103],[22.1953,56.3949],[22.2149,56.3904]],[[21.0534,56.0726],[21.0914,56.0779],[21.1502,56.0782],[21.1904,56.0845],[21.2054,56.1034],[21.2126,56.131],[21.2296,56.1632],[21.2549,56.1852],[21.2904,56.2069],[21.3276,56.2244],[21.3583,56.2332],[21.4037,56.2345],[21.4193,56.2374],[21.5589,56.2973],[21.596,56.3079],[21.6845,56.3101],[21.9653,56.3837],[21.9832,56.3884],[22.0941,56.4174]],[[22.9245,56.4121],[22.957,56.402],[22.9814,56.3732],[23.0167,56.3239],[23.0623,56.3042]],[[22.6663,56.3491],[22.6814,56.3503],[22.8229,56.3829],[22.8596,56.3971],[22.889,56.4084],[22.9245,56.4121]],[[24.8156,56.4088],[24.8377,56.4039]],[[24.4472,56.2605],[24.4813,56.2688],[24.539,56.2876],[24.5579,56.2986],[24.6391,56.36],[24.6786,56.3773],[24.715,56.3863],[24.8055,56.4085],[24.8156,56.4088]],[[22.5117,56.396],[22.5758,56.3877],[22.5782,56.387],[22.6047,56.3791],[22.6491,56.3531],[22.6663,56.3491]],[[22.2149,56.3904],[22.5117,56.396]],[[23.2884,56.373],[23.3106,56.3706],[23.378,56.3546],[23.4816,56.3301],[23.5176,56.3287]],[[23.0623,56.3042],[23.1127,56.3109],[23.1629,56.341],[23.1542,56.3514],[23.1726,56.358],[23.2884,56.373]],[[23.7067,56.3544],[23.7151,56.3527],[23.7235,56.3458],[23.7248,56.3384],[23.7236,56.3321],[23.725,56.3288],[23.7561,56.326]],[[23.6794,56.3519],[23.7067,56.3544]],[[23.6099,56.3538],[23.6794,56.3519]],[[23.5176,56.3287],[23.5777,56.3486],[23.6099,56.3538]],[[23.825,56.3349],[23.8581,56.3344],[23.8711,56.3321],[23.9813,56.3124],[24.0752,56.2712],[24.1086,56.2607],[24.1389,56.2574]],[[23.7561,56.326],[23.825,56.3349]],[[24.3185,56.2986],[24.3508,56.2916],[24.4144,56.2655],[24.4472,56.2605]],[[24.1389,56.2574],[24.1404,56.2576],[24.1668,56.2603],[24.2876,56.2955],[24.3185,56.2986]],[[25.5228,56.1566],[25.5729,56.143],[25.59,56.1411]],[[25.4548,56.1496],[25.5228,56.1566]],[[25.6497,56.1438],[25.6619,56.1408],[25.6692,56.132],[25.6878,56.0983],[25.6966,56.0879],[25.7088,56.081],[25.7663,56.0586],[25.7955,56.0401],[25.8713,55.9921],[25.9613,55.9585],[26.0176,55.9374],[26.0794,55.8981],[26.1786,55.8496],[26.2038,55.8274],[26.2269,55.7969],[26.2797,55.7432],[26.3424,55.7163],[26.4811,55.6783],[26.5375,55.6695],[26.5945,55.667]],[[25.59,56.1411],[25.6497,56.1438]]]}},{"type":"Feature","properties":{},"geometry":{"type":"MultiLineString","coordinates":[[[14.3107,65.0841],[14.1726,64.9915],[14.1724,64.9914],[13.9076,64.7877],[13.6428,64.584],[13.9401,64.4913],[13.9823,64.4844],[14.0609,64.4766],[14.0969,64.4653],[14.1156,64.4412],[14.1614,64.2054],[14.1605,64.1872],[14.1478,64.169],[13.9823,64.0195],[13.9642,64.0095],[13.9394,64.0095]],[[13.9394,64.0095],[13.5868,64.0502],[13.2341,64.0909]],[[13.2341,64.0909],[12.9824,64.0588],[12.7553,63.9914],[12.6819,63.9564],[12.4825,63.8095],[12.2932,63.657],[12.1703,63.5981],[12.2195,63.4966],[12.2198,63.4743],[12.2049,63.4546],[11.9924,63.2889],[12.0598,63.2048],[12.2227,63.0015],[12.1044,62.9233],[12.0933,62.9074],[12.097,62.8866],[12.1562,62.7337],[12.1541,62.7105],[12.1387,62.6827],[12.1031,62.634],[12.0901,62.6063],[12.0912,62.5863],[12.2795,62.3442],[12.2864,62.3354],[12.3143,62.2861],[12.3151,62.2718],[12.3175,62.234],[12.2396,61.9794],[12.1617,61.7248],[12.1756,61.7115],[12.2913,61.6511],[12.3378,61.633],[12.4165,61.5823],[12.4448,61.5735],[12.4825,61.5691],[12.5509,61.5669],[12.5834,61.5611],[12.6138,61.547],[12.8771,61.371],[12.8869,61.3615],[12.8882,61.3496],[12.8547,61.2553],[12.8398,61.227],[12.8197,61.2049],[12.7467,61.1515],[12.7392,61.1424],[12.7329,61.1291],[12.7135,61.0612],[12.7108,61.057],[12.7038,61.0462],[12.6825,61.0403]],[[12.6825,61.0403],[12.5697,61.0506]],[[12.5697,61.0506],[12.5118,61.0491],[12.281,61.0152],[12.2533,61.0017],[12.2561,60.9813],[12.2948,60.9353],[12.3132,60.9019],[12.335,60.8289],[12.35,60.7933],[12.377,60.7541],[12.4825,60.6573],[12.5944,60.5149],[12.6086,60.4865],[12.6126,60.4554],[12.6053,60.4192],[12.5936,60.395],[12.5779,60.3759],[12.5586,60.3599],[12.5047,60.3256],[12.4917,60.3123],[12.4873,60.2959],[12.4957,60.262],[12.5216,60.1976],[12.5247,60.1617],[12.5109,60.118],[12.4832,60.0812],[12.4468,60.0511],[12.2906,59.9587],[12.1437,59.8984],[12.1027,59.894]],[[12.1027,59.894],[11.9422,59.902]],[[11.9422,59.902],[11.8903,59.8928],[11.8746,59.8849],[11.8496,59.8724],[11.843,59.8384],[11.8549,59.8243],[11.8837,59.8054],[11.8898,59.8014],[11.9021,59.7851],[11.9035,59.77],[11.8972,59.732],[11.8972,59.714],[11.8917,59.7058],[11.8525,59.6734],[11.8284,59.6597],[11.6937,59.6223],[11.6749,59.6071],[11.671,59.5806],[11.6774,59.5591],[11.784,59.3606],[11.8068,59.2936],[11.8117,59.2709],[11.8117,59.2497],[11.8111,59.2487],[11.8025,59.2344],[11.7847,59.2181],[11.7756,59.2025],[11.7485,59.1401],[11.7453,59.0922],[11.7343,59.0655],[11.7089,59.0216],[11.7002,58.9991],[11.6937,58.9735],[11.6644,58.9201],[11.6116,58.8932],[11.5471,58.8847]],[[11.5471,58.8847],[11.4826,58.8869],[11.452,58.896],[11.4532,58.9605],[11.4381,58.9911],[11.4375,58.9917]]]}},{"type":"Feature","properties":{},"geometry":{"type":"MultiLineString","coordinates":[[[6.1012,50.0634],[6.0994,50.0641],[6.1057,50.0922],[6.1106,50.106],[6.1175,50.1205]],[[6.1619,49.9425],[6.154,49.9512],[6.1388,49.9793],[6.1215,49.9963],[6.1172,50.0044],[6.12,50.0155],[6.1138,50.0364],[6.1073,50.0446],[6.0964,50.0486],[6.1057,50.0603],[6.1094,50.0636],[6.1072,50.0638]],[[6.1072,50.0638],[6.1012,50.0634]],[[6.3107,49.8345],[6.3026,49.8349],[6.3016,49.8383],[6.2956,49.8486],[6.2915,49.8556],[6.2868,49.861],[6.2722,49.8671],[6.2383,49.8769],[6.2227,49.8871],[6.1898,49.9383],[6.1727,49.9562]],[[6.1727,49.9562],[6.1619,49.9425]],[[6.4145,49.8055],[6.3971,49.8086],[6.3801,49.8156],[6.3514,49.8333],[6.3344,49.8402],[6.3256,49.8404]],[[6.3256,49.8404],[6.3107,49.8345]],[[6.5026,49.7957],[6.4972,49.7994],[6.4933,49.7996],[6.4625,49.8055]],[[6.4625,49.8055],[6.4145,49.8055]],[[6.5023,49.7959],[6.5026,49.7957]],[[6.4997,49.7122],[6.4926,49.7184],[6.4878,49.7256],[6.4855,49.7338],[6.4863,49.7427],[6.496,49.7482],[6.4964,49.7521],[6.4937,49.7566],[6.4938,49.7636],[6.4985,49.7854],[6.5,49.7861],[6.5001,49.7945],[6.5023,49.7959]],[[6.491,49.7144],[6.4997,49.7122]],[[6.3453,49.4553],[6.3454,49.4627],[6.3423,49.493],[6.3488,49.5253],[6.3508,49.5349],[6.3508,49.5666],[6.3564,49.5776],[6.3715,49.593],[6.3976,49.6139],[6.4077,49.6274],[6.4152,49.6346],[6.4179,49.6391],[6.417,49.6458],[6.4109,49.6496],[6.4045,49.6525],[6.4027,49.6558],[6.4182,49.6699],[6.4917,49.7008],[6.4898,49.703],[6.4829,49.7081],[6.4864,49.7129],[6.491,49.7144]]]}},{"type":"Feature","properties":{},"geometry":{"type":"MultiLineString","coordinates":[[[2.5218,51.0875],[2.537,51.0646],[2.5471,51.0205],[2.557,51.0012],[2.5927,50.9761],[2.6085,50.9611],[2.6117,50.9412],[2.6058,50.9352],[2.5827,50.9207],[2.5769,50.9115],[2.5967,50.8676],[2.5955,50.8611],[2.5878,50.85],[2.5867,50.8454],[2.59,50.842],[2.602,50.8381],[2.6066,50.8348],[2.6152,50.8222],[2.6204,50.8165],[2.6278,50.8144],[2.6425,50.8125],[2.6506,50.8122]],[[2.6692,50.8139],[2.6787,50.8132],[2.6919,50.8088],[2.6969,50.8031],[2.7,50.7963],[2.7066,50.7888],[2.7438,50.7662],[2.7495,50.7596],[2.763,50.7394],[2.7682,50.7332],[2.7867,50.7234],[2.8667,50.7001],[2.8713,50.6988],[2.8869,50.6966]],[[2.6506,50.8122],[2.6692,50.8139]],[[3.1033,50.7841],[3.1292,50.7791],[3.1462,50.7689],[3.1628,50.7499],[3.1767,50.7341],[3.189,50.7151],[3.1969,50.7092],[3.211,50.708],[3.2244,50.7052],[3.2324,50.6959],[3.2438,50.6721],[3.2298,50.6554],[3.2379,50.6265],[3.2643,50.5702],[3.2659,50.5383],[3.271,50.5269],[3.2868,50.5141],[3.2999,50.5075],[3.3436,50.4929],[3.3611,50.4898]],[[2.8869,50.6966],[2.9001,50.7031],[2.9302,50.7362],[2.9484,50.7487],[2.9714,50.7578],[3.0238,50.7683],[3.1033,50.7841]],[[3.4771,50.5199],[3.4915,50.5171],[3.498,50.5119],[3.4965,50.5038],[3.4867,50.4927],[3.4991,50.4868],[3.5637,50.4865],[3.5864,50.4835],[3.6083,50.4765],[3.6281,50.4644],[3.6444,50.4455],[3.6528,50.4068],[3.6529,50.3602],[3.6617,50.3193],[3.6969,50.2982]],[[3.3611,50.4898],[3.3854,50.4916],[3.4292,50.5018],[3.4427,50.5085],[3.4526,50.5149],[3.4629,50.5191],[3.4771,50.5199]],[[3.7987,50.3485],[3.8402,50.3452],[3.8609,50.3385],[3.878,50.3308],[3.8959,50.3253]],[[3.7039,50.3043],[3.7084,50.3063],[3.7111,50.3093],[3.7155,50.3177],[3.7334,50.3372],[3.7415,50.3431],[3.755,50.3463],[3.7987,50.3485]],[[4.0033,50.3441],[4.0227,50.3381],[4.0559,50.3146],[4.0772,50.3066],[4.0979,50.2948],[4.1253,50.2571],[4.1437,50.2516]],[[3.8959,50.3253],[3.9186,50.3255],[3.9821,50.3426],[4.0033,50.3441]],[[3.7022,50.3053],[3.7039,50.3043]],[[3.6969,50.2982],[3.7008,50.3047],[3.7022,50.3053]],[[4.1628,50.273],[4.1718,50.2709],[4.1852,50.2655],[4.1976,50.2585],[4.2037,50.252],[4.2013,50.2415],[4.1915,50.2343],[4.1679,50.2225],[4.1573,50.2127],[4.1527,50.2045],[4.1474,50.1863],[4.1282,50.1462],[4.1258,50.1282],[4.1399,50.1236]],[[4.1437,50.2516],[4.151,50.2563],[4.1498,50.2631],[4.1503,50.2695],[4.1628,50.273]],[[4.8156,50.1613],[4.8201,50.1464],[4.8314,50.1434]],[[4.4351,49.9323],[4.4648,49.9356],[4.6042,49.9802],[4.6458,49.9845],[4.6567,49.9891],[4.6659,50.0005],[4.6729,50.0164],[4.6806,50.0483],[4.6795,50.0552],[4.6758,50.0602],[4.6734,50.0662],[4.6761,50.0761],[4.6819,50.0839],[4.7886,50.1534],[4.8156,50.1613]],[[4.8627,50.1476],[4.8719,50.1398],[4.8705,50.1223],[4.8652,50.1016],[4.8629,50.0841]],[[4.8314,50.1434],[4.8627,50.1476]],[[4.1706,50.1305],[4.1806,50.1272],[4.1974,50.0841],[4.2034,50.0747],[4.2103,50.0667],[4.21,50.0602],[4.186,50.0525],[4.1629,50.0418],[4.1446,50.0308],[4.1373,50.0251],[4.1323,50.0176],[4.1282,50.0058],[4.1329,50.0045],[4.1384,49.9892],[4.1396,49.9745]],[[4.1399,50.1236],[4.1599,50.1294],[4.1706,50.1305]],[[4.8629,50.0841],[4.8521,50.0916]],[[4.8521,50.0916],[4.846,50.0907],[4.8272,50.0641],[4.8261,50.055],[4.8276,50.0467],[4.8267,50.036],[4.7883,49.9743],[4.7839,49.9583],[4.7973,49.9443],[4.8446,49.9317],[4.8602,49.9133],[4.862,49.9003],[4.8594,49.8917],[4.8543,49.8833],[4.8489,49.8711],[4.8456,49.8658],[4.8367,49.8591],[4.8349,49.853],[4.8369,49.848],[4.8468,49.8375],[4.8492,49.8316],[4.849,49.7942],[4.858,49.7866],[4.8842,49.7841]],[[4.1396,49.9745],[4.1324,49.9749],[4.1317,49.975]],[[4.1317,49.975],[4.1877,49.9555],[4.2011,49.953]],[[4.2776,49.9602],[4.4277,49.9336],[4.4351,49.9323]],[[4.2011,49.953],[4.216,49.9544],[4.2776,49.9602]],[[4.971,49.7971],[4.9891,49.7906],[5.0263,49.7667],[5.0462,49.7594],[5.0819,49.7527],[5.0938,49.7453],[5.1364,49.7053],[5.1512,49.696],[5.1694,49.6872],[5.1925,49.6828]],[[4.8842,49.7841],[4.9066,49.7865],[4.95,49.7964],[4.9684,49.797],[4.971,49.7971]],[[5.2592,49.6913],[5.2801,49.6779],[5.2994,49.6625],[5.3064,49.6475],[5.3018,49.6439],[5.2938,49.6405],[5.2907,49.6264],[5.293,49.6172],[5.2979,49.6133],[5.3145,49.6111]],[[5.1925,49.6828],[5.2376,49.691],[5.2592,49.6913]],[[5.3349,49.6258],[5.3411,49.6251],[5.3525,49.6207],[5.3835,49.6133],[5.3912,49.6088],[5.4021,49.6025],[5.4502,49.5458],[5.4544,49.5366],[5.4542,49.5262],[5.451,49.5168],[5.4499,49.5078],[5.4561,49.4989],[5.4777,49.4952]],[[5.3145,49.6111],[5.3217,49.6126],[5.3269,49.6176],[5.3312,49.6231],[5.3349,49.6258]],[[5.7463,49.5494],[5.7571,49.5484],[5.779,49.5396],[5.7907,49.5378]],[[5.7103,49.5311],[5.7227,49.5346],[5.7356,49.5457],[5.7463,49.5494]],[[5.6446,49.5438],[5.6672,49.5404],[5.6887,49.5335],[5.7103,49.5311]],[[5.5875,49.5124],[5.6023,49.5137],[5.6056,49.5178],[5.6079,49.5249],[5.6197,49.5355],[5.6446,49.5438]],[[5.5476,49.5234],[5.5789,49.5139],[5.5875,49.5124]],[[5.4777,49.4952],[5.5037,49.5051],[5.5288,49.518],[5.5476,49.5234]]]}},{"type":"Feature","properties":{},"geometry":{"type":"MultiLineString","coordinates":[[[6.0386,50.1484],[6.0274,50.1494],[6.023,50.1508],[6.0141,50.1536],[6.008,50.1609],[6.0047,50.1705],[5.9983,50.175]],[[5.9983,50.175],[5.9829,50.1671],[5.9616,50.1656],[5.9532,50.1564],[5.949,50.1427],[5.9411,50.1283],[5.9262,50.1183],[5.889,50.1066],[5.8724,50.0969],[5.8688,50.0905],[5.8669,50.0743],[5.8644,50.0675],[5.8583,50.0618],[5.8437,50.0536],[5.8377,50.0474],[5.8388,50.0359],[5.8388,50.0265],[5.8364,50.0186],[5.8291,50.0136],[5.8089,50.0078],[5.8027,50.0025],[5.8015,49.9887],[5.8086,49.9831],[5.8126,49.9776],[5.8016,49.9638],[5.7934,49.9588],[5.7786,49.9566],[5.7716,49.9535],[5.7637,49.9468],[5.76,49.9416],[5.7576,49.9365],[5.7536,49.9302],[5.719,49.8914],[5.7149,49.8819],[5.7267,49.8782],[5.7488,49.8673],[5.7581,49.8582]],[[6.1175,50.1205],[6.1026,50.1247],[6.1003,50.1327],[6.1015,50.1421],[6.0971,50.1513],[6.0842,50.1593]],[[6.0842,50.1593],[6.0765,50.1586],[6.07,50.1542],[6.0614,50.1507],[6.0386,50.1484]],[[5.7581,49.8582],[5.7319,49.86]],[[5.7319,49.86],[5.732,49.8542],[5.7305,49.8512],[5.7287,49.8488],[5.7269,49.8452],[5.7365,49.8394],[5.7246,49.8343],[5.7202,49.8247],[5.7216,49.8128],[5.7277,49.8002],[5.7383,49.7888],[5.7484,49.7856],[5.7592,49.7845],[5.7719,49.7794],[5.7785,49.773],[5.8021,49.7429],[5.8036,49.7382],[5.8058,49.7242],[5.8054,49.7219],[5.8118,49.7185],[5.8257,49.7158],[5.8317,49.7136],[5.8373,49.7129]],[[5.8437,49.7143],[5.8502,49.714],[5.856,49.7081],[5.8564,49.7058],[5.8573,49.7004],[5.8536,49.6963],[5.8488,49.6927],[5.8472,49.6872],[5.8467,49.6807],[5.8437,49.6775],[5.8423,49.6739],[5.8458,49.6666],[5.8526,49.6632],[5.8726,49.6617],[5.8799,49.6577],[5.8855,49.6435],[5.8799,49.6349],[5.87,49.6289],[5.862,49.6228],[5.8492,49.5997],[5.8412,49.5897],[5.83,49.5828],[5.8469,49.5767],[5.8374,49.5611],[5.8145,49.5451],[5.7907,49.5378]],[[5.8373,49.7129],[5.8437,49.7143]]]}},{"type":"Feature","properties":{},"geometry":{"type":"MultiLineString","coordinates":[[[20.496,41.3378],[20.5104,41.3444],[20.5234,41.3568],[20.5329,41.3704],[20.54,41.3871],[20.5402,41.4007],[20.539,41.4029],[20.5341,41.413],[20.5222,41.4257],[20.5146,41.4295],[20.498,41.4315],[20.4909,41.436],[20.4889,41.4415],[20.4868,41.4578],[20.4835,41.4655],[20.4816,41.4683],[20.4708,41.4838],[20.4632,41.4898],[20.452,41.4936],[20.445,41.5085],[20.4479,41.5355],[20.4442,41.5497],[20.4929,41.5577],[20.5074,41.5623],[20.5208,41.5684],[20.5293,41.5749],[20.5347,41.5853],[20.5347,41.5873],[20.5346,41.594],[20.5134,41.6404],[20.5083,41.6617],[20.5004,41.7341],[20.5033,41.7446],[20.5113,41.7579],[20.5212,41.7677],[20.5444,41.7848],[20.5509,41.7935],[20.5501,41.8001],[20.5484,41.8142],[20.5405,41.8394],[20.5408,41.8449],[20.5417,41.8616],[20.5671,41.8732]],[[20.4817,41.3412],[20.496,41.3378]],[[20.6189,41.0824],[20.6053,41.0835],[20.5974,41.0863],[20.577,41.0935],[20.5699,41.1071],[20.5706,41.1248],[20.5655,41.1474],[20.5497,41.1706],[20.5127,41.2101],[20.5001,41.2355],[20.4831,41.2895],[20.4777,41.3196],[20.4781,41.3216],[20.4817,41.3412]],[[20.7661,40.8937],[20.7409,40.898],[20.7306,40.9046],[20.7172,40.9132],[20.7027,40.9363],[20.6834,40.9938],[20.6641,41.0591],[20.6539,41.0753],[20.643,41.0816],[20.6341,41.0826],[20.6315,41.0829]],[[20.6315,41.0829],[20.6189,41.0824]],[[20.9653,40.8494],[20.9648,40.876],[20.9567,40.8948],[20.9399,40.9071],[20.8902,40.9183],[20.8374,40.9241]],[[20.8374,40.9241],[20.8365,40.9239],[20.817,40.9202],[20.7837,40.8991],[20.7661,40.8937]]]}},{"type":"Feature","properties":{},"geometry":{"type":"MultiLineString","coordinates":[[[20.1524,42.4937],[20.1355,42.5096],[20.0856,42.53],[20.065,42.5468]],[[20.2496,42.3186],[20.2378,42.3199],[20.2296,42.3267],[20.2209,42.3431],[20.2195,42.3502],[20.2212,42.3637],[20.2188,42.3714],[20.2131,42.3775],[20.1975,42.3874],[20.1928,42.3937],[20.194,42.4001],[20.2044,42.4118],[20.2047,42.4201],[20.1997,42.4278],[20.1863,42.4374],[20.1808,42.4431],[20.1527,42.4934],[20.1526,42.4936],[20.1526,42.4937]],[[20.1526,42.4937],[20.1524,42.4937]],[[20.5671,41.8732],[20.5678,41.8805],[20.5627,41.8928],[20.5625,41.9001],[20.5673,41.9122],[20.5733,41.9177],[20.5806,41.9217],[20.5887,41.9296],[20.5993,41.9479],[20.5993,41.9606],[20.5943,41.9737],[20.5897,41.9936],[20.5583,42.0551],[20.5522,42.0738],[20.552,42.1058],[20.5494,42.1235],[20.5386,42.1501],[20.5008,42.2112],[20.4817,42.2307],[20.4737,42.2371],[20.457,42.2505],[20.3334,42.3179],[20.318,42.3198]],[[20.318,42.3198],[20.2496,42.3186]]]}},{"type":"Feature","properties":{},"geometry":{"type":"LineString","coordinates":[[6.3539,49.4548],[6.3453,49.4553]]}},{"type":"Feature","properties":{},"geometry":{"type":"MultiLineString","coordinates":[[[5.9607,49.4413],[5.947,49.47],[5.9281,49.4823],[5.8647,49.4922],[5.8396,49.4999],[5.8221,49.5105],[5.7907,49.5378]],[[6.3453,49.4553],[6.3253,49.4567],[6.2988,49.4662],[6.2511,49.4895],[6.2494,49.4903],[6.222,49.4974],[6.1936,49.4994]],[[6.1936,49.4994],[6.1361,49.4953],[6.1426,49.4861],[6.1144,49.4844],[6.1073,49.4825],[6.102,49.4764],[6.1021,49.47],[6.0998,49.4646],[6.0877,49.4616],[6.078,49.452],[6.0633,49.4485],[5.9781,49.4451],[5.9607,49.4413]]]}},{"type":"Feature","properties":{},"geometry":{"type":"MultiLineString","coordinates":[[[8.8242,54.9059],[8.9041,54.8979],[8.9827,54.8793],[9.1948,54.8504],[9.2115,54.8418],[9.2161,54.8317],[9.2191,54.8178],[9.2264,54.8059],[9.2441,54.8018],[9.317,54.8016]],[[8.7328,54.8891],[8.8009,54.9038],[8.8242,54.9059]],[[8.6608,54.8963],[8.6959,54.89],[8.7328,54.8891]],[[9.385,54.8194],[9.4052,54.8084],[9.4221,54.8073]],[[9.317,54.8016],[9.332,54.8032],[9.3417,54.8091],[9.356,54.8113],[9.367,54.817],[9.385,54.8194]],[[9.4221,54.8073],[9.4369,54.8101],[9.4375,54.8104]]]}},{"type":"Feature","properties":{},"geometry":{"type":"MultiLineString","coordinates":[[[22.563,47.7572],[22.6012,47.7609],[22.6377,47.7716],[22.667,47.7888],[22.6917,47.8107],[22.7039,47.8172],[22.7242,47.8235],[22.7458,47.825],[22.7518,47.8277],[22.7603,47.8389],[22.7583,47.8462],[22.7533,47.8527],[22.7529,47.8612],[22.7636,47.8748],[22.7796,47.8823],[22.8197,47.8923],[22.8361,47.9025],[22.8612,47.9338],[22.8776,47.9467]],[[22.4544,47.7874],[22.5285,47.761],[22.563,47.7572]],[[22.3683,47.7312],[22.3826,47.732],[22.3959,47.7357],[22.4073,47.7431],[22.4237,47.7826],[22.4544,47.7874]],[[22.3221,47.7359],[22.3683,47.7312]],[[21.3744,46.6184],[21.396,46.6264],[21.4168,46.6452],[21.4235,46.6582],[21.4255,46.662],[21.4362,46.6737],[21.4635,46.677],[21.4836,46.6849],[21.5018,46.7035],[21.5052,46.7232],[21.4782,46.7359],[21.4752,46.7378],[21.4726,46.7402],[21.4705,46.743],[21.4714,46.749],[21.4737,46.7549],[21.4771,46.7602],[21.4815,46.765],[21.5029,46.8053],[21.5157,46.8216],[21.5366,46.835],[21.5731,46.8418],[21.5834,46.8479],[21.5918,46.8607],[21.5915,46.8715],[21.5881,46.8822],[21.5871,46.8944],[21.5887,46.9062],[21.5899,46.9089],[21.5944,46.91],[21.6401,46.9357],[21.6485,46.943],[21.6675,46.9924],[21.6714,46.9934],[21.6707,46.9944],[21.6618,47.0061],[21.6548,47.0099],[21.6452,47.0112],[21.6366,47.0141],[21.6343,47.0194],[21.6328,47.0227],[21.6719,47.0547],[21.6942,47.0692],[21.7435,47.0916],[21.7638,47.1052],[21.7705,47.114],[21.7754,47.1317],[21.7799,47.1407],[21.7894,47.1503],[21.8115,47.1647],[21.8199,47.1727],[21.826,47.1851],[21.8257,47.1943],[21.8233,47.2033],[21.8236,47.2149],[21.8277,47.226],[21.8393,47.2408],[21.8446,47.2499],[21.8561,47.2857],[21.8622,47.2974],[21.9008,47.3357],[21.919,47.3497],[21.937,47.3572],[21.9815,47.3661],[22.0016,47.3938],[22.0002,47.4272],[21.9915,47.4618],[21.9889,47.4929],[22.0079,47.5174],[22.0374,47.5393],[22.0996,47.5709],[22.1485,47.5793],[22.1542,47.5822],[22.1621,47.5862],[22.1674,47.5938],[22.1676,47.5949],[22.1691,47.6014],[22.1698,47.6088],[22.1728,47.6154],[22.1976,47.6393],[22.2007,47.6479],[22.2042,47.6663],[22.2079,47.6737],[22.2152,47.6799],[22.2322,47.6883],[22.2398,47.6935],[22.2617,47.7158],[22.2731,47.7238],[22.2916,47.7307],[22.3094,47.735],[22.3221,47.7359]],[[21.3376,46.6204],[21.3744,46.6184]],[[21.1349,46.2785],[21.1445,46.2837],[21.1559,46.2989],[21.1645,46.3183],[21.1687,46.3628],[21.1788,46.3845],[21.1956,46.3981],[21.2152,46.4029],[21.2575,46.4042],[21.2807,46.4164],[21.2744,46.4384],[21.2451,46.4769],[21.2476,46.4975],[21.2617,46.5133],[21.2789,46.5284],[21.2913,46.5467],[21.2953,46.585],[21.301,46.6039],[21.3162,46.6166],[21.3376,46.6204]],[[21.1056,46.2787],[21.1349,46.2785]],[[21.0335,46.2313],[21.0515,46.2361],[21.0992,46.2764],[21.1056,46.2787]],[[20.8196,46.2717],[20.8397,46.2711],[20.849,46.2678],[20.867,46.2571],[20.8751,46.2544]],[[20.7366,46.1867],[20.7447,46.1923],[20.7448,46.2003],[20.7355,46.2225],[20.735,46.2319],[20.7393,46.2375],[20.7785,46.2601],[20.7874,46.2634],[20.7987,46.2676],[20.8196,46.2717]],[[20.9066,46.2622],[20.9244,46.2596],[20.9617,46.2483]],[[20.8751,46.2544],[20.8851,46.255],[20.8997,46.2607],[20.9066,46.2622]],[[20.9992,46.2516],[21.007,46.2489],[21.0139,46.2431],[21.0335,46.2313]],[[20.9617,46.2483],[20.9815,46.2489],[20.9906,46.2516],[20.9992,46.2516]],[[20.7178,46.19],[20.7271,46.1877],[20.7366,46.1867]],[[20.6076,46.1295],[20.664,46.1378],[20.6835,46.1447],[20.6988,46.1565],[20.7042,46.1663],[20.7044,46.1685],[20.7053,46.1806],[20.7103,46.1881],[20.7178,46.19]],[[20.4685,46.1741],[20.5094,46.1677],[20.549,46.1561],[20.5781,46.1375],[20.588,46.1328],[20.6001,46.1296],[20.6076,46.1295]],[[20.2428,46.1081],[20.2832,46.1438],[20.4442,46.1469],[20.4685,46.1741]]]}},{"type":"Feature","properties":{},"geometry":{"type":"MultiLineString","coordinates":[[[19.4434,49.6018],[19.4489,49.6003],[19.4573,49.5981],[19.4742,49.5787],[19.4817,49.5735],[19.5052,49.5634],[19.5173,49.5433],[19.5355,49.4928],[19.5516,49.461],[19.5568,49.4539],[19.5739,49.4453],[19.5948,49.4416],[19.6348,49.4413],[19.6302,49.435],[19.6286,49.4296],[19.6292,49.4139],[19.6271,49.4022],[19.627,49.4019],[19.6845,49.3891],[19.7063,49.3875]],[[19.315,49.524],[19.3254,49.525],[19.3395,49.5288],[19.3471,49.533],[19.4338,49.5952],[19.4376,49.6001],[19.4434,49.6018]],[[19.2842,49.5242],[19.315,49.524]],[[19.1166,49.3909],[19.1417,49.3942],[19.1725,49.4023],[19.1797,49.4103],[19.1823,49.4227],[19.1894,49.4422],[19.1922,49.4426],[19.2045,49.4428],[19.209,49.445],[19.2114,49.4517],[19.2094,49.4564],[19.2062,49.4594],[19.2044,49.4605],[19.2205,49.493],[19.2341,49.5072],[19.2487,49.5163],[19.265,49.5215],[19.2842,49.5242]],[[18.8332,49.5103],[18.9322,49.5043],[18.9611,49.4928],[18.9524,49.4759],[18.9534,49.4617],[18.9583,49.4481],[18.9608,49.4333],[18.9567,49.4004],[18.9623,49.3892],[18.9818,49.3868]],[[21.2605,49.4494],[21.2744,49.4473],[21.3304,49.4278],[21.4279,49.4098]],[[21.1726,49.3983],[21.1941,49.4006],[21.2112,49.4111],[21.2425,49.4413],[21.2605,49.4494]],[[21.6012,49.4265],[21.6199,49.4233],[21.63,49.4189],[21.6486,49.4071],[21.6588,49.4025],[21.6663,49.4018]],[[21.4962,49.4124],[21.5144,49.4172],[21.5296,49.4212],[21.6012,49.4265]],[[21.1094,49.4246],[21.1249,49.4237],[21.143,49.4155],[21.1573,49.4052],[21.1726,49.3983]],[[20.919,49.2903],[20.9424,49.2959],[20.964,49.3081],[20.9967,49.3394],[21.0172,49.3524],[21.033,49.3546],[21.054,49.3548],[21.0725,49.3572],[21.0807,49.3663],[21.0685,49.3814],[21.0455,49.3906],[21.0333,49.3997],[21.0535,49.4145],[21.0688,49.4192],[21.1094,49.4246]],[[21.4815,49.4152],[21.4962,49.4124]],[[21.4279,49.4098],[21.4444,49.4099],[21.4815,49.4152]],[[19.0676,49.4061],[19.0768,49.4041],[19.0966,49.3946],[19.1063,49.3914],[19.1166,49.3909]],[[18.9818,49.3868],[19.0071,49.3881],[19.0458,49.4028],[19.0676,49.4061]],[[21.6818,49.4041],[21.6917,49.4022],[21.7086,49.3909],[21.7422,49.3571],[21.7576,49.3489]],[[21.6663,49.4018],[21.6818,49.4041]],[[20.4375,49.4025],[20.5221,49.3744],[20.544,49.3708]],[[20.3705,49.3817],[20.4221,49.383],[20.4219,49.4002],[20.4375,49.4025]],[[20.6739,49.4023],[20.6895,49.4005],[20.7783,49.3312],[20.7941,49.3237],[20.8165,49.3214]],[[20.6361,49.3983],[20.6739,49.4023]],[[20.6145,49.4004],[20.6361,49.3983]],[[20.544,49.3708],[20.5677,49.3764],[20.5791,49.3834],[20.5951,49.3963],[20.6053,49.4],[20.6145,49.4004]],[[19.7601,49.3977],[19.7691,49.3932],[19.7693,49.3931],[19.7786,49.3742],[19.7836,49.3576],[19.7895,49.3092],[19.788,49.3051],[19.7803,49.2976],[19.7797,49.2935],[19.7797,49.2934],[19.7832,49.29],[19.7969,49.2834],[19.797,49.2834],[19.7986,49.2811],[19.7988,49.2807],[19.8064,49.2755],[19.8068,49.2752],[19.8086,49.2709],[19.8063,49.2653],[19.8005,49.263],[19.7941,49.2619],[19.7896,49.2595],[19.7518,49.2191],[19.7478,49.206],[19.7478,49.2059],[19.7607,49.1942],[19.7859,49.1882],[19.832,49.1859]],[[19.7063,49.3875],[19.7266,49.3889],[19.7601,49.3977]],[[20.3295,49.3918],[20.3705,49.3817]],[[20.1604,49.3056],[20.1702,49.3116],[20.192,49.3286],[20.2072,49.3342],[20.2844,49.3386],[20.2893,49.3431],[20.2965,49.3569],[20.3016,49.3712],[20.3037,49.3804],[20.3074,49.3866],[20.3177,49.3916],[20.3295,49.3918]],[[21.8196,49.3772],[21.8379,49.3704],[21.8746,49.3484],[21.9284,49.3308],[21.9645,49.3086],[21.9932,49.2782],[22.0058,49.2429],[22.0124,49.2111],[22.0408,49.1975],[22.1115,49.1886],[22.1441,49.1749],[22.1557,49.1715],[22.1657,49.1711]],[[21.7576,49.3489],[21.768,49.3535],[21.7822,49.3645],[21.7994,49.3748],[21.8196,49.3772]],[[20.8336,49.3221],[20.8493,49.3205],[20.868,49.3114],[20.8843,49.3003],[20.9006,49.2926],[20.919,49.2903]],[[20.8165,49.3214],[20.8336,49.3221]],[[20.1359,49.3089],[20.1383,49.3073],[20.1604,49.3056]],[[20.0505,49.1732],[20.07,49.1831],[20.0804,49.2081],[20.086,49.243],[20.0984,49.2529],[20.1054,49.264],[20.1111,49.2759],[20.1302,49.3039],[20.1359,49.3089]],[[19.9379,49.2251],[19.9657,49.2157],[20.0173,49.1839],[20.0505,49.1732]],[[19.832,49.1859],[19.8542,49.1913],[19.8683,49.2008],[19.8878,49.214],[19.9059,49.2228],[19.9379,49.2251]],[[22.1897,49.173],[22.198,49.172],[22.2089,49.164],[22.209,49.1569],[22.2062,49.1505],[22.2085,49.1442],[22.2159,49.14],[22.2629,49.1306]],[[22.1657,49.1711],[22.1897,49.173]],[[22.3182,49.132],[22.3394,49.1265],[22.3901,49.093],[22.4268,49.0856],[22.505,49.0834],[22.5396,49.0722]],[[22.2629,49.1306],[22.3182,49.132]]]}},{"type":"Feature","properties":{},"geometry":{"type":"MultiLineString","coordinates":[[[-7.2471,55.0693],[-7.2665,55.0652],[-7.2753,55.0589],[-7.283,55.0518],[-7.2912,55.0466],[-7.355,55.0409],[-7.367,55.0356],[-7.377,55.0289],[-7.4053,55.0036],[-7.4011,54.9948],[-7.4038,54.9931],[-7.4091,54.992],[-7.4131,54.985],[-7.4074,54.9594],[-7.4087,54.9511],[-7.4158,54.9444],[-7.4171,54.9431],[-7.437,54.9383],[-7.4453,54.9322],[-7.449,54.9203],[-7.4447,54.8949],[-7.4447,54.8845],[-7.4551,54.863],[-7.4708,54.8453],[-7.5434,54.7931],[-7.5497,54.7796],[-7.5517,54.7547],[-7.5484,54.7472],[-7.543,54.7438],[-7.5431,54.7417],[-7.5561,54.7384]],[[-7.6154,54.7393],[-7.6497,54.7449]],[[-7.6497,54.7449],[-7.6675,54.7388],[-7.7023,54.7189],[-7.7366,54.7075],[-7.7705,54.706]],[[-7.5561,54.7384],[-7.5666,54.7387],[-7.5854,54.7447]],[[-7.5854,54.7447],[-7.6154,54.7393]],[[-7.7705,54.706],[-7.8036,54.7161],[-7.8322,54.7306],[-7.8459,54.731]],[[-7.8459,54.731],[-7.8801,54.711],[-7.9297,54.6967],[-7.9132,54.6887],[-7.9071,54.6867],[-7.9148,54.6717],[-7.9066,54.6613],[-7.8901,54.6551],[-7.8728,54.6522],[-7.8643,54.6491],[-7.8543,54.6364],[-7.8464,54.6314],[-7.838,54.6312]],[[-7.815,54.6395],[-7.8012,54.6348],[-7.7692,54.618],[-7.7536,54.6145]],[[-7.838,54.6312],[-7.8225,54.6381],[-7.815,54.6395]],[[-7.7212,54.6259],[-7.7106,54.6243],[-7.708,54.6048],[-7.7079,54.6047],[-7.7079,54.6042],[-7.7493,54.5962],[-7.8488,54.5409],[-7.8871,54.5321]],[[-7.7536,54.6145],[-7.7368,54.6193],[-7.7212,54.6259]],[[-7.8871,54.5321],[-7.9264,54.5331],[-8.0022,54.5434]],[[-8.0022,54.3579],[-7.981,54.3266],[-7.968,54.3122],[-7.9508,54.3009],[-7.9421,54.2989],[-7.9341,54.297],[-7.895,54.2936],[-7.8803,54.287],[-7.8736,54.2711],[-7.8697,54.2269],[-7.8564,54.2114],[-7.837,54.2043],[-7.7821,54.2]],[[-7.0178,54.4132],[-6.9841,54.4031],[-6.922,54.3727],[-6.9151,54.3659],[-6.906,54.349],[-6.8979,54.3462],[-6.886,54.3456],[-6.8797,54.3416],[-6.87,54.326],[-6.8584,54.3073],[-6.8567,54.2928],[-6.8647,54.2827],[-6.8822,54.2773],[-6.8467,54.2665],[-6.8377,54.2605],[-6.8332,54.2521],[-6.8297,54.2424],[-6.8239,54.2324],[-6.8074,54.2163],[-6.7878,54.203],[-6.7665,54.1924],[-6.7448,54.1842],[-6.7328,54.1836]],[[-7.1681,54.335],[-7.1599,54.3352],[-7.127,54.3498],[-7.0785,54.3947],[-7.0493,54.4115],[-7.0178,54.4132]],[[-7.1856,54.3369],[-7.1681,54.335]],[[-7.1924,54.3074],[-7.1846,54.3166],[-7.185,54.3173],[-7.1876,54.3188],[-7.1915,54.3239],[-7.1939,54.33],[-7.1924,54.3347],[-7.1895,54.3357],[-7.1856,54.3369]],[[-7.1937,54.3075],[-7.1924,54.3074]],[[-7.1992,54.3035],[-7.1937,54.3075]],[[-7.2067,54.3049],[-7.1992,54.3035]],[[-7.2938,54.122],[-7.28,54.1262],[-7.2707,54.1323],[-7.2635,54.141],[-7.2609,54.1512],[-7.2654,54.1611],[-7.2458,54.167],[-7.247,54.1723],[-7.2563,54.1769],[-7.2611,54.1809],[-7.2555,54.1909],[-7.2491,54.1974],[-7.2409,54.2023],[-7.2295,54.2075],[-7.1747,54.2161],[-7.1533,54.2242],[-7.1597,54.2407],[-7.1459,54.2521],[-7.1815,54.2698],[-7.1755,54.2837],[-7.209,54.2934],[-7.2115,54.3042],[-7.2067,54.3049]],[[-7.7226,54.2023],[-7.7048,54.2004],[-7.6327,54.1685],[-7.6257,54.1622],[-7.6241,54.1533],[-7.6208,54.145],[-7.609,54.1399],[-7.5023,54.1251]],[[-7.7821,54.2],[-7.7226,54.2023]],[[-6.7065,54.1989],[-6.6947,54.198],[-6.684,54.1944],[-6.663,54.1838],[-6.6484,54.1737],[-6.6403,54.168],[-6.6346,54.1501],[-6.644,54.1318],[-6.6664,54.1148],[-6.6558,54.1033],[-6.6571,54.0919],[-6.6725,54.0684],[-6.6573,54.0611],[-6.6306,54.0418],[-6.6165,54.0373]],[[-6.7328,54.1836],[-6.7248,54.1886],[-6.7172,54.1951],[-6.7065,54.1989]],[[-7.2955,54.1651],[-7.2921,54.1626],[-7.295,54.1554],[-7.2964,54.1465],[-7.2963,54.135],[-7.2974,54.1259],[-7.2938,54.122]],[[-7.327,54.1136],[-7.3165,54.1143],[-7.3103,54.1147],[-7.3332,54.1427],[-7.3332,54.1494],[-7.326,54.1546],[-7.2955,54.1651]],[[-7.4396,54.1469],[-7.4147,54.1457],[-7.4258,54.137],[-7.4223,54.1355]],[[-7.5023,54.1251],[-7.4808,54.1277],[-7.4396,54.1469]],[[-7.4122,54.1364],[-7.404,54.135],[-7.3966,54.1263],[-7.3947,54.1219],[-7.3902,54.1212]],[[-7.4223,54.1355],[-7.4122,54.1364]],[[-7.3755,54.1233],[-7.327,54.1136]],[[-7.3902,54.1212],[-7.3755,54.1233]],[[-6.3548,54.1107],[-6.3467,54.1099],[-6.339,54.103],[-6.3271,54.0979]],[[-6.4339,54.0553],[-6.4268,54.0554],[-6.401,54.0609],[-6.3775,54.0633],[-6.3712,54.0668],[-6.3669,54.0751],[-6.3676,54.0834],[-6.3693,54.0911],[-6.3681,54.0973],[-6.3548,54.1107]],[[-6.2846,54.1052],[-6.2699,54.0979]],[[-6.3271,54.0979],[-6.3138,54.0997],[-6.2996,54.104],[-6.2846,54.1052]],[[-6.4509,54.0684],[-6.4502,54.0667],[-6.4462,54.0624],[-6.4403,54.058],[-6.4339,54.0553]],[[-6.564,54.049],[-6.4785,54.0677],[-6.4509,54.0684]],[[-6.5872,54.0533],[-6.5719,54.0495],[-6.564,54.049]],[[-6.6165,54.0373],[-6.611,54.0392],[-6.6052,54.0445],[-6.6003,54.049],[-6.5951,54.0524],[-6.5872,54.0533]]]}},{"type":"Feature","properties":{},"geometry":{"type":"MultiLineString","coordinates":[[[15.1079,50.981],[15.0939,50.9854],[15.0821,50.9928],[15.0736,51.0026],[15.023,51.0097],[15.004,51.0207]],[[15.004,51.0207],[15.0012,51.0124],[14.9965,51.0078],[14.9821,51.0012],[14.9764,51.0004],[14.9707,50.9987],[14.9656,50.9961],[14.9611,50.9927],[14.961,50.9927],[14.9652,50.9813],[14.9814,50.9732],[14.9966,50.9592],[14.9978,50.9302],[14.9947,50.9251],[14.9849,50.9181],[14.9821,50.9147],[14.9811,50.9091],[14.9818,50.9053],[14.9829,50.9024],[14.9841,50.8677],[14.9821,50.8591]],[[15.3703,50.7726],[15.3686,50.7729],[15.3561,50.7755],[15.3497,50.7837],[15.3505,50.7932],[15.3533,50.8033],[15.353,50.813],[15.341,50.8317],[15.3258,50.8397],[15.3077,50.8448],[15.2878,50.8549],[15.2771,50.8657],[15.2654,50.8823],[15.2561,50.8999],[15.2531,50.9141],[15.2601,50.9325],[15.2688,50.943],[15.2698,50.9527],[15.2538,50.969],[15.2271,50.9774],[15.1702,50.978],[15.1608,50.9927],[15.1561,51.0078],[15.1444,51.0116]],[[15.1444,51.0116],[15.1315,51.0058],[15.1225,50.9928],[15.1225,50.9927],[15.1192,50.9825],[15.1079,50.981]],[[14.9821,50.8591],[14.8679,50.8644]],[[14.8679,50.8644],[14.8317,50.858]],[[14.8317,50.858],[14.8104,50.8584]],[[15.6843,50.7314],[15.6738,50.7335],[15.6665,50.7381],[15.6532,50.751],[15.6419,50.7558],[15.4418,50.8002]],[[15.4418,50.8002],[15.4001,50.798],[15.3908,50.7906],[15.3813,50.78],[15.3703,50.7726]],[[15.8546,50.6737],[15.8482,50.6752],[15.7976,50.7298],[15.7944,50.7359],[15.7922,50.7427],[15.7674,50.7442]],[[15.7674,50.7442],[15.6843,50.7314]],[[15.982,50.6036],[15.9799,50.6066],[15.9792,50.6098],[15.98,50.613],[15.982,50.6162],[15.9964,50.6237],[15.9986,50.6356],[15.9932,50.6494],[15.9845,50.6629],[15.9715,50.6786],[15.958,50.6869],[15.9415,50.6884]],[[15.9415,50.6884],[15.8823,50.6742],[15.8546,50.6737]],[[16.3884,50.5213],[16.3883,50.5272],[16.3896,50.5348],[16.3912,50.5399],[16.3955,50.5457],[16.3983,50.5485],[16.3983,50.5518],[16.3945,50.5593],[16.4259,50.5676],[16.4168,50.5866],[16.3316,50.644],[16.3009,50.6551],[16.2683,50.6604],[16.232,50.6609]],[[16.232,50.6609],[16.2191,50.6591],[16.2118,50.6491],[16.2045,50.6363],[16.1923,50.6266],[16.1755,50.6241]],[[16.1755,50.6241],[16.1603,50.6286],[16.1287,50.644],[16.0865,50.6468]],[[16.0865,50.6468],[16.0245,50.6086],[15.982,50.6036]],[[16.3355,50.4904],[16.3526,50.4928],[16.362,50.5012],[16.3826,50.5142],[16.3912,50.5218]],[[16.3912,50.5218],[16.3884,50.5213]],[[16.3034,50.496],[16.3355,50.4904]],[[16.218,50.4371],[16.2161,50.4402],[16.2112,50.4513],[16.2173,50.4517],[16.2265,50.4554],[16.232,50.4568],[16.2474,50.465],[16.265,50.4716],[16.28,50.4799],[16.2877,50.4928],[16.3034,50.496]],[[16.198,50.44],[16.218,50.4371]],[[16.2625,50.3644],[16.2497,50.371],[16.2449,50.3768],[16.232,50.4026],[16.1996,50.4063],[16.1902,50.4242],[16.198,50.44]],[[16.9588,50.4146],[16.944,50.4203],[16.9158,50.4311],[16.893,50.4329]],[[16.893,50.4329],[16.8658,50.4224],[16.8659,50.4084],[16.8979,50.3782],[16.9093,50.3599],[16.9167,50.3386],[16.9265,50.3193],[16.9452,50.3069],[16.9696,50.2978],[16.9878,50.2849],[16.9984,50.267],[16.9998,50.2427],[17.0128,50.2317],[17.0148,50.2185],[17.0084,50.21]],[[17.1454,50.3767],[17.1317,50.3768],[17.1189,50.3812],[17.0956,50.3937],[17.0847,50.398],[16.9819,50.4164]],[[16.9819,50.4164],[16.9588,50.4146]],[[17.2699,50.3178],[17.2461,50.3221],[17.2109,50.3364],[17.201,50.3432],[17.1951,50.3519],[17.1889,50.3648],[17.1854,50.3757],[17.1876,50.3785],[17.1759,50.3808]],[[17.1759,50.3808],[17.1454,50.3767]],[[16.6606,50.093],[16.6187,50.107],[16.5842,50.1274],[16.5667,50.1422],[16.5573,50.1547],[16.5459,50.1888],[16.535,50.2077],[16.5048,50.228],[16.492,50.2427],[16.4776,50.2553],[16.4522,50.285],[16.4378,50.298],[16.4156,50.3079],[16.371,50.3184],[16.3532,50.3335],[16.3507,50.3423],[16.3515,50.3513],[16.3508,50.3606],[16.3437,50.37],[16.3342,50.3719]],[[16.3342,50.3719],[16.2886,50.3719],[16.277,50.3694],[16.2698,50.3655],[16.2625,50.3644]],[[17.355,50.2533],[17.3417,50.2597],[17.3348,50.27],[17.3328,50.2827],[17.3341,50.2957],[17.3295,50.2982],[17.3254,50.3011],[17.3219,50.3045],[17.3191,50.3082],[17.3375,50.313],[17.3168,50.3186]],[[17.3168,50.3186],[17.2699,50.3178]],[[17.6484,50.1018],[17.6328,50.1063],[17.5842,50.1459],[17.5821,50.1532],[17.5894,50.1632],[17.6004,50.1668],[17.6487,50.168],[17.6753,50.1747],[17.7179,50.1911],[17.7382,50.2024],[17.7476,50.2175],[17.732,50.236],[17.7214,50.2427],[17.7192,50.2528],[17.7211,50.2619],[17.732,50.2807],[17.7342,50.2838],[17.735,50.2868],[17.7345,50.2895],[17.732,50.2918],[17.7136,50.3077],[17.708,50.311],[17.691,50.3151]],[[17.691,50.3151],[17.6845,50.3124],[17.6819,50.3056],[17.6764,50.2974],[17.6467,50.2711],[17.6295,50.2621],[17.6064,50.2582]],[[17.4296,50.2398],[17.4242,50.2406],[17.4191,50.2427],[17.4098,50.2613],[17.388,50.2726]],[[17.388,50.2726],[17.3659,50.2716],[17.355,50.2533]],[[17.6064,50.2582],[17.517,50.2684]],[[17.517,50.2684],[17.4694,50.2656],[17.44,50.2427],[17.4348,50.2405],[17.4296,50.2398]],[[17.0084,50.21],[16.9963,50.2129],[16.9857,50.2231],[16.981,50.2292],[16.975,50.2318],[16.9603,50.232]],[[16.9603,50.232],[16.9575,50.2292],[16.9578,50.2171],[16.9553,50.2135],[16.9463,50.2131]],[[16.9463,50.2131],[16.9278,50.2173]],[[16.9278,50.2173],[16.919,50.2171],[16.907,50.2118],[16.8904,50.1969],[16.881,50.1916],[16.8698,50.1897],[16.8576,50.1877]],[[16.8576,50.1877],[16.8376,50.1886]],[[16.8376,50.1886],[16.8177,50.1868],[16.7953,50.1744],[16.7773,50.1569],[16.7664,50.1434],[16.7543,50.1323],[16.732,50.122],[16.7012,50.0949],[16.6606,50.093]],[[17.8757,49.9687],[17.8394,49.9736],[17.7746,50.0152],[17.7633,50.0252],[17.7554,50.0372],[17.7499,50.0495],[17.743,50.0606],[17.732,50.0691],[17.7226,50.0751],[17.7195,50.0809],[17.7227,50.0864],[17.732,50.0915],[17.7324,50.0922],[17.7326,50.093],[17.7324,50.0939],[17.732,50.0949],[17.7179,50.0968],[17.6907,50.1055],[17.6776,50.1077]],[[17.6776,50.1077],[17.667,50.1061],[17.6585,50.103],[17.6484,50.1018]],[[18.2925,49.9078],[18.2726,49.9183],[18.267,49.9251],[18.2601,49.9406],[18.2559,49.946],[18.244,49.9517],[18.2205,49.9549],[18.2087,49.9583],[18.1772,49.9758],[18.162,49.9812],[18.0982,49.989],[18.0851,49.9988],[18.0916,50.0172],[18.0332,50.0418],[18.0191,50.0441],[18.0024,50.0468]],[[18.0024,50.0468],[18.0069,50.0241],[18.0122,50.0227]],[[18.0201,50.0243],[18.0287,50.0241],[18.0357,50.0172],[18.0375,50.0072],[18.0324,50.0028],[17.9999,49.9966],[17.9598,49.9958],[17.9416,49.9928],[17.9121,49.9758],[17.8757,49.9687]],[[18.0122,50.0227],[18.0201,50.0243]],[[18.4818,49.8966],[18.4075,49.9232],[18.3688,49.932]],[[18.3688,49.932],[18.3285,49.9288]],[[18.3307,49.9288],[18.3325,49.9283],[18.3338,49.9271],[18.3349,49.9254],[18.3069,49.9097],[18.2925,49.9078]],[[18.3285,49.9288],[18.3307,49.9288]],[[18.7277,49.6689],[18.7151,49.6738],[18.6954,49.6889],[18.6824,49.6958],[18.6681,49.6986],[18.6373,49.7003],[18.624,49.7064],[18.6177,49.7139],[18.6077,49.743],[18.5841,49.7744],[18.5668,49.8048],[18.5663,49.8316],[18.5938,49.8522],[18.5673,49.8615],[18.5629,49.8737],[18.5654,49.889],[18.5592,49.9072],[18.5444,49.913]],[[18.5444,49.913],[18.5051,49.8967],[18.4818,49.8966]],[[18.8332,49.5103],[18.8374,49.527],[18.8345,49.5476],[18.8202,49.5903],[18.8157,49.5993],[18.8039,49.6168],[18.7993,49.6264],[18.7926,49.6608],[18.7884,49.6686],[18.7735,49.6758]],[[18.7735,49.6758],[18.7579,49.6741],[18.7422,49.6697],[18.7277,49.6689]]]}},{"type":"Feature","properties":{},"geometry":{"type":"MultiLineString","coordinates":[[[20.9119,40.4595],[20.9368,40.4725],[20.9465,40.4829],[20.9498,40.4879],[20.9527,40.4937],[20.9519,40.5061],[20.9579,40.5149],[20.9686,40.5206],[20.9815,40.5233],[20.9883,40.5335],[20.9975,40.5392],[21.0067,40.5432],[21.0135,40.5489],[21.0188,40.559],[21.0204,40.5668],[21.0208,40.5751],[21.0225,40.5866],[21.0332,40.6214],[21.0367,40.6397],[21.0353,40.6594],[21.0288,40.6768],[21.0186,40.6909],[20.992,40.7155],[20.9635,40.7361],[20.9592,40.7436],[20.9572,40.7516],[20.9535,40.7592],[20.9437,40.7653],[20.9609,40.7808],[20.967,40.802],[20.9653,40.8494]],[[20.8668,40.4721],[20.8896,40.4637],[20.9119,40.4595]],[[20.5529,40.0654],[20.5778,40.0673],[20.6154,40.081],[20.6402,40.0901],[20.6476,40.094],[20.6518,40.101],[20.6668,40.1335],[20.6682,40.1381],[20.6635,40.1566],[20.6632,40.1617],[20.6599,40.1727],[20.6604,40.1789],[20.665,40.1844],[20.6798,40.1878],[20.6853,40.1912],[20.6964,40.2151],[20.6966,40.2356],[20.6946,40.2556],[20.6991,40.2784],[20.707,40.2881],[20.7178,40.2939],[20.7288,40.2983],[20.7366,40.3036],[20.7396,40.3092],[20.755,40.3386],[20.766,40.3543],[20.7704,40.3626],[20.7739,40.3749],[20.7733,40.3853],[20.769,40.4126],[20.7706,40.422],[20.7795,40.429],[20.8003,40.4328],[20.8092,40.4366],[20.8174,40.4468],[20.8213,40.4564],[20.8267,40.4648],[20.84,40.4716],[20.8668,40.4721]],[[20.4999,40.0715],[20.5529,40.0654]],[[20.466,40.0608],[20.4817,40.0678],[20.4999,40.0715]],[[20.4328,40.0638],[20.466,40.0608]],[[20.3716,39.7843],[20.389,39.7981],[20.397,39.8181],[20.393,39.8355],[20.3469,39.8943],[20.3231,39.9124],[20.318,39.9184],[20.303,39.9791],[20.2979,39.9869],[20.31,39.9899],[20.3599,39.991],[20.3765,39.9937],[20.3807,40.0117],[20.3891,40.0294],[20.4004,40.0453],[20.4138,40.0572],[20.4328,40.0638]],[[20.2884,39.8066],[20.2983,39.8054],[20.2996,39.8051],[20.3369,39.794],[20.3546,39.7858],[20.3716,39.7843]],[[20.246,39.6629],[20.249,39.6848],[20.2641,39.6961],[20.2827,39.7044],[20.2965,39.7174],[20.2995,39.7282],[20.2965,39.7335],[20.2911,39.7379],[20.2873,39.7467],[20.2855,39.7497],[20.2782,39.7567],[20.2757,39.7601],[20.2768,39.7632],[20.2831,39.7751],[20.2847,39.7803],[20.2814,39.7882],[20.2755,39.7924],[20.273,39.7965],[20.28,39.804],[20.2884,39.8066]],[[20.0161,39.7014],[20.0496,39.6927],[20.0893,39.6828],[20.1352,39.6642],[20.1638,39.6443],[20.1841,39.637]],[[19.9999,39.6935],[20.0161,39.7014]],[[20.2286,39.6692],[20.2372,39.667],[20.246,39.6629]],[[20.1841,39.637],[20.1999,39.6401],[20.2034,39.6453],[20.203,39.6526],[20.2042,39.6603],[20.212,39.667],[20.2201,39.6692],[20.2286,39.6692]]]}},{"type":"Feature","properties":{},"geometry":{"type":"LineString","coordinates":[[22.1328,48.4048],[22.1338,48.4768],[22.1448,48.4931],[22.1483,48.5088],[22.1367,48.5493],[22.1387,48.5696],[22.1537,48.5859],[22.219,48.6209],[22.2252,48.6282],[22.2357,48.6442],[22.2432,48.6512],[22.2555,48.6568],[22.2822,48.6624],[22.2943,48.6676],[22.3103,48.6817],[22.3225,48.7003],[22.3289,48.7216],[22.3277,48.743],[22.3308,48.7564],[22.3384,48.763],[22.3478,48.7679],[22.3565,48.7761],[22.3634,48.7876],[22.3657,48.7944],[22.3635,48.8283],[22.3616,48.8365],[22.3623,48.8443],[22.3689,48.8565],[22.3708,48.8582],[22.3784,48.8654],[22.4024,48.8788],[22.4118,48.8878],[22.4138,48.8939],[22.4137,48.9068],[22.4149,48.9117],[22.4273,48.9295],[22.449,48.9714],[22.4666,48.9805],[22.505,48.9842],[22.5205,48.9929],[22.5201,49.0098],[22.5248,49.0329],[22.532,49.0557],[22.5396,49.0722]]}},{"type":"Feature","properties":{},"geometry":{"type":"MultiLineString","coordinates":[[[15.004,49.0098],[15.0596,48.9972],[15.1374,48.993],[15.1447,48.9789],[15.149,48.9653],[15.1486,48.9517],[15.1419,48.9375],[15.1618,48.9372]],[[14.9193,48.7616],[14.9396,48.7628],[14.9511,48.7803],[14.9489,48.7821],[14.9444,48.7886],[14.9401,48.7965],[14.9381,48.8028],[14.9398,48.8098],[14.947,48.8224],[14.9682,48.885],[14.9683,48.9127],[14.9642,48.9433],[14.9646,48.9717],[14.9782,48.9928],[14.9773,48.9983],[14.9773,49.0029],[14.9789,49.0063],[14.9821,49.0079],[15.004,49.0098]],[[15.2746,48.9867],[15.2796,48.9826],[15.2837,48.9776],[15.2887,48.9754],[15.3355,48.975],[15.3579,48.9708],[15.4059,48.9547],[15.4504,48.9448],[15.4719,48.9367],[15.5213,48.9085],[15.5442,48.9026],[15.6037,48.8874],[15.6813,48.8585],[15.7038,48.855]],[[15.1618,48.9372],[15.2381,48.9508],[15.2432,48.9529],[15.2571,48.9639],[15.2604,48.9692],[15.2629,48.9826],[15.2669,48.9867],[15.2746,48.9867]],[[15.8185,48.8723],[15.8243,48.8694],[15.8283,48.8571],[15.8333,48.852],[15.8401,48.8501],[15.8592,48.8492],[15.8702,48.8439],[15.8776,48.8417]],[[15.7038,48.855],[15.7268,48.855],[15.7437,48.8585],[15.7792,48.8709],[15.7879,48.8723],[15.8185,48.8723]],[[15.886,48.842],[15.8758,48.8331]],[[15.8776,48.8417],[15.886,48.842]],[[15.8884,48.8351],[15.8996,48.8347],[15.9071,48.8303],[15.9081,48.8197]],[[15.8758,48.8331],[15.8884,48.8351]],[[15.9251,48.8226],[15.9303,48.8183],[15.9303,48.8114],[15.9318,48.8064],[16.0323,48.7581],[16.0854,48.7429]],[[15.9081,48.8197],[15.9251,48.8226]],[[16.5195,48.8056],[16.5287,48.8035],[16.5458,48.7963],[16.6055,48.7848],[16.624,48.7834],[16.6431,48.7783],[16.651,48.7662],[16.6547,48.7519],[16.662,48.74],[16.6751,48.7339],[16.691,48.7321]],[[16.4819,48.7994],[16.4923,48.7997],[16.5103,48.8048],[16.5195,48.8056]],[[16.4531,48.8022],[16.4819,48.7994]],[[16.3583,48.7273],[16.374,48.7303],[16.385,48.7371],[16.4357,48.7945],[16.4531,48.8022]],[[14.8155,48.7803],[14.8677,48.7756],[14.9193,48.7616]],[[14.6756,48.5762],[14.6911,48.5865],[14.6957,48.5895],[14.7007,48.6155],[14.7002,48.6461],[14.7038,48.6731],[14.7227,48.6934],[14.7754,48.724],[14.7804,48.7431],[14.7904,48.7549],[14.7945,48.767],[14.8004,48.7765],[14.8155,48.7803]],[[13.8157,48.7664],[13.8559,48.7593],[13.8749,48.7524],[13.8931,48.743],[13.915,48.731],[13.9823,48.7065],[13.9911,48.7002],[14.0078,48.6833],[14.0142,48.6751],[14.0192,48.6719],[14.0262,48.6701],[14.0321,48.6673],[14.0347,48.6612],[14.0329,48.6549],[14.0283,48.654]],[[16.1778,48.7465],[16.3176,48.7328]],[[16.0854,48.7429],[16.1778,48.7465]],[[16.3395,48.7356],[16.3527,48.7284],[16.3583,48.7273]],[[16.3176,48.7328],[16.3187,48.7335],[16.3395,48.7356]],[[16.729,48.7331],[16.7443,48.7296],[16.7805,48.7138],[16.7989,48.7092]],[[16.691,48.7321],[16.729,48.7331]],[[16.8566,48.7198],[16.873,48.719],[16.8967,48.697],[16.9105,48.6308],[16.945,48.6042]],[[16.7989,48.7092],[16.8181,48.7108],[16.8566,48.7198]],[[14.0283,48.654],[14.0235,48.6546]],[[14.0235,48.6546],[14.0205,48.6532],[14.0137,48.6438],[14.0081,48.6424],[14.0062,48.6395],[14.0109,48.6259],[14.0152,48.6204],[14.0325,48.6061],[14.0408,48.6012],[14.0748,48.5917],[14.2165,48.5812],[14.3157,48.5579]],[[14.4582,48.6432],[14.4821,48.6245],[14.522,48.6106],[14.5338,48.6087]],[[14.3157,48.5579],[14.3254,48.5586],[14.3332,48.5607],[14.3534,48.5714],[14.4054,48.5863],[14.4212,48.5971],[14.4436,48.6365],[14.4582,48.6432]],[[14.5942,48.6213],[14.6006,48.6176],[14.6018,48.6112],[14.6019,48.6045],[14.6051,48.6003],[14.6129,48.5997]],[[14.5338,48.6087],[14.5488,48.6109],[14.5788,48.6205],[14.5942,48.6213]],[[14.6282,48.6033],[14.6347,48.6023],[14.6454,48.5929],[14.6513,48.5835],[14.6592,48.577],[14.6756,48.5762]],[[14.6129,48.5997],[14.6282,48.6033]]]}},{"type":"Feature","properties":{},"geometry":{"type":"MultiLineString","coordinates":[[[16.9027,47.682],[16.9819,47.6954],[17.0548,47.702],[17.0754,47.7085],[17.064,47.7133],[17.0555,47.7209],[17.0506,47.731],[17.0487,47.7636],[17.042,47.7839],[17.0406,47.8011],[17.0556,47.8124],[17.0491,47.8187],[17.0395,47.8374],[17.0317,47.8413],[17.0107,47.8479],[17.0044,47.8524],[17.0041,47.8633],[17.0166,47.8677],[17.0512,47.8729],[17.0676,47.8816],[17.0775,47.8917],[17.0833,47.9048],[17.0875,47.9226],[17.0854,47.9246],[17.0801,47.9258],[17.0752,47.9278],[17.0741,47.9321],[17.0768,47.935],[17.0861,47.9392],[17.0881,47.9409],[17.0909,47.9495],[17.0957,47.9557],[17.0961,47.9619],[17.0856,47.9701],[17.1483,48.0054]],[[16.5678,47.7542],[16.6098,47.7506],[16.6899,47.7296],[16.7025,47.7236],[16.7078,47.7146],[16.7116,47.7041],[16.7192,47.6937],[16.7304,47.6859],[16.7411,47.6815],[16.7975,47.6755]],[[16.4545,47.6818],[16.4611,47.6845],[16.473,47.6918],[16.5129,47.706],[16.5214,47.7115],[16.5269,47.7201],[16.5251,47.7333],[16.5311,47.743],[16.5678,47.7542]],[[16.8502,47.7129],[16.8647,47.6867],[16.9027,47.682]],[[16.7975,47.6755],[16.8062,47.6769],[16.8173,47.6842],[16.8369,47.7054],[16.8502,47.7129]],[[16.4391,47.6905],[16.4449,47.6855],[16.4499,47.6824],[16.4545,47.6818]],[[16.4819,47.639],[16.4259,47.6543],[16.4078,47.6613],[16.4166,47.6688],[16.4318,47.6855],[16.4391,47.6905]],[[16.5755,47.6249],[16.5096,47.6431]],[[16.5096,47.6431],[16.4819,47.639]],[[16.4819,47.3923],[16.5894,47.4256],[16.627,47.4455],[16.6409,47.4529],[16.6368,47.4932],[16.6482,47.5015],[16.6774,47.5099],[16.688,47.5226],[16.6891,47.538],[16.6814,47.5506],[16.6675,47.5601],[16.6506,47.5666],[16.6562,47.5859],[16.6477,47.6061],[16.6302,47.622],[16.6084,47.6288]],[[16.6084,47.6288],[16.5755,47.6249]],[[16.4566,47.4118],[16.4699,47.4055],[16.4819,47.3923]],[[16.4188,47.1837],[16.4128,47.1872],[16.4093,47.2037],[16.4247,47.2256],[16.4214,47.243],[16.4214,47.2431],[16.4525,47.2546],[16.4666,47.2634],[16.4732,47.2768],[16.4692,47.2932],[16.4388,47.3366],[16.4361,47.3386],[16.4317,47.3397],[16.4271,47.3414],[16.4244,47.3452],[16.425,47.3511],[16.4293,47.3538],[16.4343,47.3556],[16.4364,47.3585],[16.434,47.3969],[16.4441,47.4095],[16.4566,47.4118]],[[16.4471,47.1397],[16.4337,47.1458],[16.434,47.1513],[16.4421,47.1683],[16.4418,47.1771],[16.4351,47.1836],[16.4267,47.1841]],[[16.4267,47.1841],[16.4188,47.1837]],[[16.4156,46.9894],[16.4204,46.9903],[16.4248,46.993],[16.4248,46.9931],[16.4414,46.9952],[16.4674,46.9954],[16.4864,46.9986],[16.4819,47.0094],[16.4676,47.0184],[16.4533,47.0217],[16.4247,47.0241],[16.4372,47.0318],[16.4819,47.0442],[16.4932,47.0491],[16.4972,47.0546],[16.4937,47.0598],[16.4819,47.0639],[16.4618,47.0685],[16.4543,47.0817],[16.4608,47.0963],[16.4819,47.1052],[16.5048,47.1258],[16.5095,47.1375],[16.4973,47.1497],[16.4809,47.1508]],[[16.4809,47.1508],[16.4471,47.1397]],[[16.2885,47.0056],[16.3259,47.0004]],[[16.094,46.8628],[16.1101,46.8679],[16.1229,46.8764],[16.1591,46.9103],[16.1707,46.9185],[16.1961,46.9313],[16.217,46.9374],[16.2239,46.9411],[16.2307,46.9484],[16.2312,46.9544],[16.2304,46.96],[16.2329,46.9661],[16.2431,46.972],[16.253,46.9735],[16.2611,46.9781],[16.2654,46.9933],[16.2749,47.0043],[16.2885,47.0056]],[[16.3666,47.0038],[16.3878,47.002],[16.405,46.9932],[16.4104,46.9904],[16.4156,46.9894]],[[16.3259,47.0004],[16.3666,47.0038]]]}},{"type":"Feature","properties":{},"geometry":{"type":"LineString","coordinates":[[7.0221,45.9253],[7.0669,45.8902],[7.0902,45.8805],[7.1209,45.8761],[7.1535,45.8765],[7.1837,45.8805],[7.2454,45.8981],[7.2735,45.9103],[7.2867,45.9134],[7.3618,45.9078],[7.3938,45.9157],[7.453,45.9459],[7.4827,45.9549],[7.5037,45.9567],[7.5147,45.9667],[7.5244,45.9781],[7.5411,45.9841],[7.643,45.9663],[7.6587,45.96],[7.6737,45.9503],[7.6925,45.9312],[7.694,45.9287],[7.7063,45.9257],[7.7147,45.9271],[7.7222,45.9296],[7.732,45.9304],[7.7801,45.9181],[7.8076,45.9185],[7.8254,45.9147],[7.8312,45.9145],[7.8437,45.9192],[7.8461,45.9226],[7.8453,45.9278],[7.8484,45.9381],[7.8496,45.9397],[7.8702,45.9404],[7.8729,45.9594],[7.8838,45.9739],[7.8982,45.9819],[7.9691,45.9931],[7.9787,45.9952],[7.9858,45.9993],[7.9984,46.0106],[7.9991,46.0128],[8.0088,46.0277],[8.0107,46.0297],[8.0159,46.0582],[8.016,46.0694],[8.0182,46.0809],[8.0253,46.0911],[8.0354,46.0965],[8.056,46.0981],[8.0669,46.1006],[8.1106,46.127],[8.1323,46.1594],[8.1295,46.196],[8.1,46.2356],[8.0766,46.2497],[8.0731,46.2536],[8.0773,46.262],[8.0873,46.2718],[8.1069,46.2855],[8.1285,46.2925],[8.1719,46.2992],[8.1926,46.3092],[8.2418,46.3541],[8.2701,46.364],[8.2815,46.3701],[8.2915,46.3784],[8.2975,46.3875],[8.297,46.3976],[8.2904,46.4011],[8.2866,46.4054],[8.295,46.418],[8.3163,46.4337],[8.3434,46.4439],[8.3859,46.4502],[8.3992,46.4522],[8.4279,46.4487],[8.4416,46.4349],[8.4458,46.4124],[8.4463,46.3822],[8.4429,46.3534],[8.4266,46.3016],[8.4232,46.2758],[8.4272,46.2514],[8.4381,46.2354],[8.4565,46.2248],[8.4827,46.2175],[8.5103,46.2079],[8.5387,46.1876],[8.6018,46.1228],[8.6115,46.1194],[8.6309,46.1147],[8.6775,46.0958],[8.6951,46.0952],[8.7022,46.098],[8.7177,46.1075],[8.7239,46.1095],[8.729,46.1082],[8.7322,46.1074],[8.7395,46.0981],[8.7471,46.0944],[8.7632,46.0929],[8.7939,46.0934],[8.809,46.0897],[8.8344,46.0664],[8.8196,46.0429],[8.791,46.0187],[8.7734,45.9906],[8.7696,45.9858],[8.7679,45.9831],[8.7851,45.9823],[8.8004,45.9785],[8.8577,45.9571],[8.8645,45.9534],[8.871,45.9471],[8.8808,45.9311],[8.8981,45.9096],[8.9065,45.8965],[8.9121,45.8834],[8.9138,45.8661],[8.9097,45.8537],[8.9037,45.8418],[8.9,45.8264],[8.9396,45.8348],[8.9724,45.8246],[9.0024,45.8207],[9.0344,45.8481],[9.0593,45.882],[9.0631,45.899],[9.0517,45.9155],[9.0423,45.9197],[9.0205,45.9228],[9.0108,45.9267],[9.0017,45.9361],[8.9934,45.9543],[8.9827,45.9618],[8.9805,45.9644],[8.9798,45.9669],[8.9805,45.9695],[8.9827,45.972],[9.0156,45.9931],[8.9978,46.0279],[9.0021,46.0393],[9.0277,46.0531],[9.0497,46.0579],[9.0592,46.0618],[9.0671,46.0711],[9.0703,46.0834],[9.0682,46.106],[9.0721,46.1189],[9.0906,46.1382],[9.1632,46.1723],[9.1638,46.173],[9.1711,46.1826],[9.1758,46.1941],[9.1813,46.2041],[9.1922,46.2096],[9.2042,46.2136],[9.2157,46.2211],[9.2248,46.2312],[9.2397,46.267],[9.269,46.3094],[9.2752,46.3314],[9.2738,46.3443],[9.2604,46.3797],[9.2603,46.394],[9.2629,46.4066],[9.2609,46.4167],[9.2476,46.423],[9.238,46.4365],[9.2458,46.461],[9.2632,46.4851],[9.2823,46.4974],[9.331,46.5015],[9.3508,46.4979],[9.3516,46.4855],[9.3771,46.4687],[9.3846,46.4664],[9.3955,46.4694],[9.4003,46.4754],[9.4038,46.4825],[9.4107,46.4889],[9.4268,46.4971],[9.4346,46.4983],[9.4379,46.492],[9.4438,46.3961],[9.4424,46.3809],[9.4444,46.3753],[9.4516,46.3704],[9.4737,46.3619],[9.4826,46.3568],[9.5026,46.3207],[9.5153,46.3086],[9.5365,46.2986],[9.5597,46.2927],[9.6743,46.2918],[9.6931,46.2971],[9.7084,46.3117],[9.7088,46.3196],[9.7073,46.331],[9.7093,46.3424],[9.7201,46.3509],[9.7309,46.3507],[9.7552,46.3405],[9.7681,46.3386],[9.7888,46.3433],[9.8554,46.367],[9.899,46.3722],[9.9184,46.3712],[9.939,46.3675],[9.964,46.3561],[9.9706,46.3398],[9.9711,46.32],[9.9776,46.2981],[9.9922,46.2844],[10.0317,46.2601],[10.0418,46.2431],[10.0427,46.2205],[10.0757,46.22],[10.1179,46.2311],[10.1458,46.2433],[10.1589,46.2624],[10.1461,46.2803],[10.1049,46.3094],[10.0958,46.3205],[10.0918,46.329],[10.0924,46.3381],[10.0975,46.3516],[10.105,46.3614],[10.126,46.3744],[10.1332,46.3811],[10.1408,46.4029],[10.1334,46.414],[10.1162,46.4188],[10.0714,46.4248],[10.0421,46.4327],[10.0263,46.4463],[10.044,46.467],[10.0353,46.4711],[10.0305,46.4767],[10.0281,46.4839],[10.0269,46.4932],[10.0312,46.5038],[10.0314,46.5258],[10.0328,46.533],[10.0413,46.5419],[10.0629,46.5567],[10.0712,46.5644],[10.0835,46.597],[10.0878,46.6044],[10.0975,46.608],[10.1921,46.6268],[10.2179,46.627],[10.2338,46.618],[10.2357,46.6067],[10.2303,46.5862],[10.2347,46.5753],[10.2759,46.5655],[10.2838,46.5607],[10.2891,46.5557],[10.2954,46.5511],[10.3066,46.5475],[10.3195,46.546],[10.3543,46.5483],[10.4259,46.5353],[10.444,46.5377],[10.4518,46.5467],[10.4579,46.5537],[10.4659,46.5785],[10.4666,46.6043],[10.4591,46.6236],[10.4382,46.6357],[10.3956,46.6388],[10.3775,46.6533],[10.3692,46.6724],[10.3739,46.6819],[10.3848,46.689],[10.3944,46.7008],[10.3966,46.715],[10.3956,46.7264],[10.3997,46.7355],[10.4166,46.743],[10.4287,46.7556],[10.4262,46.7694],[10.4191,46.784],[10.4172,46.7989],[10.439,46.8169],[10.4449,46.8232],[10.4485,46.8322],[10.4538,46.8644]]}},{"type":"Feature","properties":{},"geometry":{"type":"MultiLineString","coordinates":[[[9.8606,47.0016],[9.8563,47.0041],[9.858,47.0155],[9.6691,47.0562],[9.6523,47.0579]],[[9.6523,47.0579],[9.5999,47.0535]],[[9.5999,47.0535],[9.5812,47.0569]],[[10.132,46.8466],[10.1252,46.8468],[10.1113,46.8471],[10.0681,46.8566],[10.0456,46.8656],[10.0069,46.8908],[9.8999,46.9144],[9.8751,46.9274],[9.8624,46.9398],[9.8608,46.9492],[9.864,46.9599],[9.8665,46.9834],[9.8706,46.9929],[9.8706,46.9988],[9.8668,47.0019]],[[9.8668,47.0019],[9.8606,47.0016]],[[10.3843,46.9932],[10.379,46.9955],[10.3734,46.9963]],[[10.3734,46.9963],[10.3679,46.9955],[10.3389,46.9841],[10.3137,46.9643],[10.2962,46.9414],[10.2957,46.9227],[10.2708,46.9219]],[[10.4538,46.8644],[10.4514,46.8858],[10.4638,46.9197],[10.4585,46.9366],[10.4496,46.9439],[10.4156,46.9624],[10.3947,46.9854],[10.3844,46.993],[10.3844,46.9932]],[[10.3844,46.9932],[10.3843,46.9932]],[[10.2708,46.9219],[10.2513,46.9254]],[[10.2513,46.9254],[10.2351,46.9233],[10.2199,46.9058],[10.2152,46.8931],[10.2143,46.8847],[10.2117,46.877],[10.2014,46.8668],[10.1578,46.8516],[10.132,46.8466]]]}},{"type":"Feature","properties":{},"geometry":{"type":"MultiLineString","coordinates":[[[22.9297,54.3803],[22.9188,54.3811],[22.8589,54.3992],[22.8376,54.4009]],[[22.8376,54.4009],[22.8127,54.3941],[22.8113,54.3926],[22.786,54.3652],[22.7672,54.3563]],[[23.0501,54.2948],[23.0321,54.3096],[23.0322,54.3201],[23.038,54.3315],[23.0416,54.341],[23.0353,54.3465],[23.001,54.3489],[22.9897,54.3534],[22.9834,54.3598],[22.979,54.3676],[22.9733,54.3754],[22.9627,54.3817],[22.9524,54.3831]],[[22.9524,54.3831],[22.9297,54.3803]],[[23.4856,53.9393],[23.4898,53.9451],[23.4904,53.9506],[23.4875,53.9556],[23.4816,53.9601],[23.4709,53.9653],[23.4629,53.9725],[23.4587,53.9816],[23.4593,53.9923],[23.4641,53.9968],[23.4695,54.0007],[23.4816,54.0066],[23.4965,54.022],[23.4962,54.0446],[23.4816,54.0912],[23.4739,54.1126],[23.463,54.1349],[23.449,54.1549],[23.4325,54.1693],[23.4233,54.1725],[23.4018,54.176],[23.3915,54.1801],[23.3823,54.1879],[23.3641,54.2083],[23.3545,54.2171],[23.336,54.2263],[23.316,54.2363],[23.2354,54.2542],[23.1973,54.2679],[23.1353,54.2983],[23.1171,54.3035]],[[23.1171,54.3035],[23.0969,54.3008],[23.073,54.2949],[23.0501,54.2948]]]}},{"type":"Feature","properties":{},"geometry":{"type":"MultiLineString","coordinates":[[[7.1946,53.245],[7.1975,53.2166],[7.1985,53.2006],[7.1954,53.185],[7.1886,53.1678],[7.1744,53.1458],[7.1719,53.1377],[7.1727,53.1258],[7.1765,53.1194],[7.1813,53.1142],[7.1851,53.1054],[7.1944,53.0338],[7.1928,52.998],[7.1836,52.9661],[7.1619,52.9326],[7.0799,52.8544],[7.0722,52.8413],[7.062,52.824],[7.0533,52.7906],[7.044,52.6826],[7.0367,52.6474],[7.0185,52.626]],[[6.9184,52.6322],[6.8654,52.642]],[[6.8654,52.642],[6.7705,52.641],[6.737,52.6347],[6.7191,52.6268],[6.7018,52.6191],[6.7102,52.6087],[6.7082,52.5997],[6.7037,52.5914],[6.704,52.5831],[6.711,52.5766],[6.7438,52.5597],[6.6883,52.5426],[6.6717,52.5417],[6.684,52.526],[6.6875,52.5081],[6.689,52.4905],[6.6951,52.4756],[6.7148,52.4616],[6.7412,52.4537],[6.8203,52.4468],[6.872,52.4347],[6.9002,52.4319]],[[7.0185,52.626],[6.9828,52.6328],[6.9677,52.6367]],[[6.9677,52.6367],[6.9184,52.6322]],[[6.9733,52.4514],[7.0342,52.3908],[7.0482,52.3651],[7.0398,52.3286],[7.0197,52.3],[7.0125,52.2849],[7.0119,52.2666],[7.0207,52.2453],[7.0266,52.2386],[7.0291,52.2358],[7.0263,52.2306],[6.9819,52.214],[6.9711,52.2063],[6.9477,52.1828],[6.9277,52.1719],[6.8848,52.1603],[6.8654,52.1478],[6.8433,52.12],[6.8307,52.1129],[6.7716,52.1088],[6.7659,52.1084],[6.7499,52.1029],[6.7329,52.092],[6.7276,52.0863],[6.7195,52.0736],[6.7114,52.0673],[6.6994,52.0636],[6.6889,52.0631],[6.6799,52.0605],[6.673,52.0501],[6.675,52.0348],[6.6909,52.0279],[6.7129,52.0239],[6.7782,52.0013],[6.804,51.9844],[6.8092,51.9795],[6.8117,51.9728],[6.8107,51.9606],[6.8057,51.9575],[6.798,51.9567],[6.7898,51.9511],[6.767,51.9255],[6.7438,51.9083],[6.7167,51.8993],[6.6282,51.8975],[6.5286,51.8764],[6.4794,51.853],[6.4629,51.8484],[6.4425,51.8484]],[[6.9002,52.4319],[6.9265,52.433],[6.9515,52.4375],[6.9608,52.4428],[6.967,52.4496],[6.9733,52.4514]],[[6.2252,51.8625],[6.1914,51.8712],[6.1592,51.8873],[6.127,51.8967]],[[6.127,51.8967],[6.093,51.8853],[6.1054,51.8795],[6.1427,51.8552],[6.1561,51.8421]],[[6.345,51.8211],[6.342,51.8367],[6.3257,51.8425],[6.2874,51.8462],[6.2829,51.8496],[6.2718,51.8619],[6.2647,51.8662],[6.2564,51.8668]],[[6.2564,51.8668],[6.2252,51.8625]],[[6.4425,51.8484],[6.3785,51.8601]],[[6.3785,51.8601],[6.3866,51.8376],[6.3825,51.8276],[6.345,51.8211]],[[6.1561,51.8421],[6.14,51.8445],[6.1165,51.8483],[6.084,51.8537]],[[6.084,51.8537],[6.0433,51.8469],[6.0289,51.8421],[6.0082,51.8326],[5.9889,51.8275],[5.9481,51.823],[5.9315,51.8157],[5.928,51.8067],[5.9508,51.7959],[5.9641,51.7766],[5.9624,51.7564],[5.9461,51.7463],[5.9401,51.7426],[5.9393,51.7319],[5.9492,51.7294]],[[5.9783,51.7298],[5.9897,51.7264],[6.0121,51.7159],[6.022,51.7095],[6.0086,51.6812],[6.0315,51.663],[6.0992,51.6445],[6.0875,51.6221],[6.0821,51.6078],[6.0865,51.5955],[6.153,51.5384],[6.1933,51.5093],[6.2005,51.4766],[6.2053,51.4584],[6.2017,51.4386],[6.1941,51.4174],[6.1927,51.399],[6.2078,51.3877],[6.202,51.3789],[6.1989,51.357],[6.1936,51.3445],[6.1836,51.3357],[6.1582,51.3246],[6.1478,51.3182],[6.0965,51.2588],[6.0754,51.2427],[6.0652,51.2316],[6.0566,51.2117],[6.0537,51.1894],[6.0608,51.1709],[6.0843,51.1627]],[[5.9492,51.7294],[5.9783,51.7298]],[[6.1341,51.1842],[6.1571,51.1793],[6.1491,51.1763],[6.1263,51.1646],[6.1473,51.1523],[6.1324,51.1398],[6.0754,51.1204],[5.9829,51.0747],[5.9695,51.0649],[5.9503,51.0395],[5.938,51.0309],[5.9196,51.0297]],[[6.0843,51.1627],[6.1341,51.1842]],[[5.9196,51.0297],[5.9062,51.0374],[5.8943,51.0471],[5.8805,51.0521]],[[5.8805,51.0521],[5.8525,51.0428],[5.8582,51.0193],[5.8736,50.9906],[5.8746,50.9654]],[[5.9277,50.9777],[5.9416,50.9765],[5.9678,50.971]],[[5.8746,50.9654],[5.8883,50.9671],[5.9142,50.9752],[5.9277,50.9777]],[[6.0037,50.9737],[6.0058,50.9685],[5.9997,50.9601],[5.9958,50.9518],[5.9973,50.9374],[5.9999,50.9294],[6.0075,50.9241],[6.0311,50.9147],[6.0637,50.9075],[6.0618,50.9035],[6.0565,50.8981],[6.0546,50.8915],[6.0631,50.8709],[6.0628,50.8629],[6.0567,50.8527],[6.0456,50.8442]],[[5.9678,50.971],[6.0037,50.9737]],[[6.0456,50.8442],[6.023,50.8454]],[[6.023,50.8454],[6.0093,50.8405],[6.0005,50.8304],[6.0014,50.8218],[6.0036,50.8126],[5.9983,50.8007],[5.984,50.7922]],[[5.984,50.7922],[5.9688,50.7946]],[[5.9688,50.7946],[5.973,50.7818],[5.9806,50.7734],[5.9906,50.769],[5.9971,50.7629],[5.9949,50.7499]]]}},{"type":"Feature","properties":{},"geometry":{"type":"LineString","coordinates":[[9.5812,47.0569],[9.6088,47.0808],[9.6157,47.1068],[9.6056,47.1323],[9.5818,47.1549],[9.5521,47.1669],[9.552,47.1756],[9.5619,47.1906],[9.5629,47.1977],[9.5543,47.2116],[9.5448,47.2203],[9.5404,47.2291],[9.5471,47.243],[9.5303,47.2537],[9.5212,47.2628]]}},{"type":"Feature","properties":{},"geometry":{"type":"LineString","coordinates":[[7.5023,43.7922],[7.4827,43.8402],[7.4779,43.8655],[7.4935,43.8862],[7.5368,43.9208],[7.5569,43.9441],[7.6086,43.9756],[7.6309,43.9935],[7.6387,44.0051],[7.647,44.0275],[7.6534,44.0397],[7.6643,44.0486],[7.6788,44.0566],[7.6899,44.0673],[7.6919,44.0846],[7.6879,44.0908],[7.6762,44.109],[7.6541,44.125],[7.6419,44.1436],[7.6556,44.1761],[7.6247,44.1801],[7.5836,44.1607],[7.5548,44.1591],[7.3808,44.1229],[7.3406,44.1237],[7.331,44.1253],[7.3216,44.1319],[7.3162,44.1402],[7.3093,44.1475],[7.2962,44.1512],[7.2701,44.1543],[7.2513,44.16],[7.145,44.2072],[7.1049,44.2178],[7.0461,44.2403],[7.0335,44.2429],[7.02,44.2421],[7.008,44.2392],[6.9961,44.2378],[6.9828,44.2417],[6.9734,44.2494],[6.9689,44.2582],[6.9655,44.2675],[6.9592,44.2774],[6.95,44.2851],[6.9302,44.2954],[6.9212,44.3022],[6.9156,44.3097],[6.9038,44.33],[6.896,44.3398],[6.874,44.3584],[6.8698,44.3629],[6.8661,44.3721],[6.8663,44.3772],[6.8688,44.3832],[6.8772,44.4144],[6.8842,44.423],[6.9178,44.4363],[6.8917,44.452],[6.8613,44.4749],[6.8388,44.5029],[6.8357,44.534],[6.8464,44.5475],[6.8973,44.5754],[6.9316,44.618],[6.9456,44.6254],[6.9343,44.6467],[6.9415,44.667],[6.9599,44.6832],[6.9828,44.6922],[7.0012,44.6923],[7.0373,44.6846],[7.0552,44.6849],[7.0494,44.6979],[7.019,44.7389],[7.0152,44.7474],[7.0098,44.7721],[6.9984,44.7938],[6.9991,44.795],[7.0041,44.8108],[7.006,44.8115],[7.0059,44.8163],[7.0068,44.819],[7.0071,44.8221],[7.0049,44.828],[7.0008,44.833],[6.9828,44.847],[6.9327,44.8617],[6.9153,44.8627],[6.866,44.8557],[6.8471,44.8591],[6.7782,44.8876],[6.7454,44.9078],[6.7279,44.9287],[6.7299,44.9847],[6.7235,45.0134],[6.6972,45.0269],[6.6622,45.0292],[6.6517,45.0356],[6.6397,45.0504],[6.637,45.0594],[6.6381,45.0674],[6.6366,45.0745],[6.6203,45.0844],[6.6027,45.1035],[6.6146,45.1148],[6.6294,45.1235],[6.6327,45.1255],[6.6674,45.1396],[6.6763,45.1408],[6.6944,45.1403],[6.7022,45.1412],[6.7109,45.1447],[6.7289,45.1546],[6.7364,45.1573],[6.7715,45.1532],[6.8081,45.1391],[6.8441,45.1301],[6.8767,45.1412],[6.8786,45.1474],[6.8728,45.152],[6.8682,45.1575],[6.8735,45.1659],[6.8813,45.1684],[6.9047,45.1686],[6.9138,45.1702],[6.9284,45.1796],[6.9458,45.2011],[6.9587,45.2098],[6.9945,45.2213],[7.0297,45.2282],[7.0377,45.2258],[7.0502,45.215],[7.0555,45.2137],[7.0622,45.2185],[7.0812,45.2431],[7.1084,45.2592],[7.1084,45.2749],[7.0976,45.295],[7.0926,45.324],[7.0977,45.3298],[7.1301,45.3571],[7.1508,45.3832],[7.1596,45.3985],[7.1607,45.4109],[7.1529,45.4151],[7.1101,45.4283],[7.0968,45.4354],[7.0887,45.4466],[7.0818,45.4591],[7.0754,45.4663],[7.072,45.47],[7.0285,45.4931],[6.9828,45.5111],[6.9753,45.5256],[6.9698,45.567],[6.9659,45.5744],[6.9549,45.5862],[6.9529,45.5943],[6.9556,45.6026],[6.9671,45.6202],[6.9695,45.6258],[6.9634,45.6407],[6.9511,45.6468],[6.9186,45.6526],[6.9053,45.6597],[6.8826,45.6755],[6.8692,45.679],[6.8431,45.6827],[6.8161,45.6969],[6.7959,45.7181],[6.7847,45.7596],[6.782,45.7775],[6.7827,45.7953],[6.7881,45.8117],[6.8008,45.8265],[6.8162,45.8329],[6.8434,45.8386],[6.852,45.8362],[6.8586,45.8335],[6.8644,45.8269],[6.8707,45.8283],[6.8717,45.8328],[6.8727,45.8397],[6.8735,45.8448],[6.8804,45.8455],[6.9051,45.8454],[6.9264,45.8498],[6.949,45.8578],[6.9692,45.8698],[6.9828,45.8858],[6.9891,45.8993],[6.9972,45.9113],[7.0077,45.9205],[7.0221,45.9253]]}},{"type":"Feature","properties":{},"geometry":{"type":"MultiLineString","coordinates":[[[29.5984,65.0344],[29.5881,64.9914],[29.6336,64.9072],[29.6983,64.8391],[29.7803,64.7956],[29.8778,64.7848],[30.0625,64.7842]],[[30.1364,64.6154],[29.9658,64.5786],[29.9588,64.5749],[29.9548,64.569],[29.9589,64.566],[29.9652,64.5644],[29.9685,64.5628],[29.97,64.5454],[29.9736,64.5362],[29.9808,64.5268],[29.9789,64.524],[29.9782,64.5211],[29.979,64.5183],[29.9808,64.5155],[29.9915,64.5132],[29.9934,64.5107],[29.9905,64.5042],[30.0358,64.4915]],[[30.0513,63.7638],[29.9984,63.7471],[29.9808,63.7415],[30.0011,63.7153]],[[30.1456,61.8505],[29.9777,61.7282],[29.8422,61.6602],[29.8219,61.6446],[29.7981,61.6097],[29.7791,61.5931],[29.6351,61.5111],[29.6043,61.4992],[29.5397,61.485],[29.517,61.4751],[29.4991,61.4592],[29.4809,61.4348],[29.4634,61.4138],[29.3184,61.3384],[29.2893,61.3162],[29.2771,61.3046],[29.2623,61.2905],[29.2032,61.2459],[29.1301,61.2134],[28.9808,61.1681],[28.9264,61.1479],[28.8555,61.1127],[28.7976,61.0968],[28.7813,61.087],[28.7502,61.0614],[28.689,61.0274],[28.6707,61.0125],[28.6538,60.9919],[28.6537,60.9918],[28.6537,60.9917],[28.6146,60.9619],[28.5264,60.9502],[28.4809,60.9335],[28.3359,60.8594],[28.2439,60.7916],[28.1481,60.7577],[28.0038,60.6642],[27.981,60.6495],[27.893,60.6043],[27.8079,60.553]]]}},{"type":"Feature","properties":{},"geometry":{"type":"MultiLineString","coordinates":[[[19.7905,46.1291],[19.773,46.1316],[19.7119,46.1587],[19.6901,46.1684],[19.6693,46.1731],[19.6478,46.1739]],[[19.6478,46.1739],[19.5897,46.166]],[[19.5897,46.166],[19.5684,46.1664]],[[19.5684,46.1664],[19.5499,46.1642],[19.5252,46.1564],[19.502,46.1456],[19.4875,46.1342],[19.4893,46.126],[19.4967,46.1169],[19.4993,46.1086],[19.473,46.0987],[19.4659,46.092],[19.4609,46.0845],[19.4537,46.0776],[19.4369,46.068],[19.4283,46.0655],[19.4172,46.0643],[19.4047,46.0602],[19.3966,46.0516],[19.3891,46.0415],[19.3789,46.0337],[19.3622,46.0296],[19.3252,46.0295],[19.307,46.0266],[19.2983,46.0221],[19.2869,46.0162],[19.2795,46.0038],[19.2748,45.9916],[19.2635,45.9814],[19.2357,45.9777]],[[20.035,46.143],[19.9931,46.1594],[19.9292,46.1635]],[[19.9292,46.1635],[19.8889,46.1574],[19.8736,46.153],[19.7905,46.1291]],[[20.138,46.1365],[20.1304,46.1394],[20.1201,46.1492],[20.1148,46.1522],[20.0984,46.155]],[[20.0984,46.155],[20.0886,46.1541],[20.0634,46.1453],[20.035,46.143]],[[20.2428,46.1081],[20.1885,46.1404],[20.1705,46.1455]],[[20.1705,46.1455],[20.1454,46.1371],[20.138,46.1365]],[[19.2357,45.9777],[19.148,45.9841],[19.1258,45.9931],[19.1258,45.9933],[19.111,46.013],[19.0885,46.0188]],[[19.0885,46.0188],[19.0654,46.012],[19.0497,45.9931],[19.0486,45.9634],[19.0309,45.96]],[[19.0309,45.96],[19.0056,45.9626]],[[19.0056,45.9626],[18.9818,45.9508],[18.9787,45.9472],[18.9777,45.9435],[18.9788,45.9398],[18.9865,45.9313],[18.9887,45.927],[18.9875,45.9238],[18.9818,45.9218]],[[18.9818,45.9218],[18.9627,45.9279],[18.9013,45.9312]]]}},{"type":"Feature","properties":{},"geometry":{"type":"MultiLineString","coordinates":[[[16.5776,46.4707],[16.5643,46.4799],[16.5211,46.4985],[16.5153,46.5017]],[[16.7551,46.3819],[16.7429,46.3996],[16.7124,46.4127],[16.6936,46.4296],[16.6775,46.4487],[16.6593,46.4642],[16.6377,46.4745],[16.6111,46.4781],[16.6021,46.482],[16.5943,46.483]],[[16.5943,46.483],[16.5881,46.4796],[16.5837,46.4707],[16.5776,46.4707]],[[16.8275,46.374],[16.8209,46.3781],[16.8166,46.382],[16.8123,46.385],[16.8079,46.3874],[16.8034,46.3887],[16.7765,46.3929],[16.7693,46.3961]],[[16.7693,46.3961],[16.7619,46.3819],[16.7551,46.3819]],[[17.3271,45.972],[17.3166,45.9738],[17.3066,45.9799],[17.3048,45.981],[17.2901,45.9846],[17.2901,45.9915],[17.297,45.9926],[17.3094,45.9966],[17.3168,45.9977],[17.3078,46.0064],[17.2915,46.0079],[17.2759,46.012],[17.269,46.0287],[17.2666,46.0388],[17.2541,46.0708],[17.2486,46.0802],[17.2086,46.1166],[17.1973,46.1212],[17.1162,46.1231],[17.1012,46.1282],[17.0529,46.1535],[17.0413,46.1622],[17.0363,46.173],[17.028,46.1805],[16.9748,46.2106],[16.9653,46.2195],[16.9407,46.2515],[16.9033,46.2819],[16.8961,46.2863],[16.8892,46.2922],[16.8793,46.3121],[16.8718,46.3272],[16.8751,46.3429],[16.8655,46.3591],[16.8594,46.3648],[16.8505,46.3731],[16.8377,46.3819],[16.8324,46.3819]],[[16.8324,46.3819],[16.8302,46.3774],[16.8275,46.374]],[[17.3453,45.9557],[17.3421,45.9586],[17.3437,45.9675],[17.3379,45.9846]],[[17.3379,45.9846],[17.3271,45.972]],[[17.4062,45.9437],[17.3997,45.9599],[17.3892,45.9631]],[[17.3892,45.9631],[17.3653,45.9567],[17.3453,45.9557]],[[17.8581,45.7717],[17.858,45.7759],[17.8382,45.7996],[17.8092,45.8144],[17.6873,45.8406],[17.6647,45.8416],[17.6565,45.8454],[17.6547,45.8521],[17.6532,45.8574],[17.6521,45.8688],[17.6469,45.8837],[17.6458,45.8918],[17.6384,45.9013],[17.5911,45.9362],[17.5543,45.9478],[17.5119,45.9539],[17.4267,45.9567]],[[17.4267,45.9567],[17.4182,45.953],[17.4154,45.9497],[17.4116,45.9466],[17.4062,45.9437]],[[18.9013,45.9312],[18.8865,45.9304],[18.8766,45.9224],[18.8654,45.9181],[18.8454,45.9139],[18.8283,45.9057],[18.8225,45.9056],[18.8178,45.9055]],[[18.8178,45.9055],[18.8049,45.9136]],[[18.8049,45.9136],[18.7949,45.903],[18.7904,45.8939],[18.786,45.8869],[18.7755,45.8828]],[[18.7755,45.8828],[18.7633,45.884],[18.7238,45.8984],[18.6743,45.9104]],[[18.6743,45.9104],[18.6556,45.9076],[18.633,45.8919],[18.6293,45.8869],[18.6263,45.8748],[18.6236,45.8687],[18.6222,45.8684],[18.6074,45.8567],[18.5855,45.8269],[18.5735,45.8167],[18.5303,45.7909],[18.5042,45.784]],[[18.0805,45.7717],[17.9754,45.7921]],[[17.9754,45.7921],[17.9062,45.7921],[17.8898,45.7921],[17.8805,45.7885],[17.8757,45.7807],[17.8701,45.7735],[17.8581,45.7717]],[[18.5042,45.784],[18.4818,45.7914]],[[18.4818,45.7914],[18.4655,45.7837],[18.4307,45.7536],[18.4117,45.7432],[18.4044,45.7418],[18.3976,45.7413]],[[18.3177,45.7473],[18.3005,45.7518],[18.2833,45.7649],[18.2605,45.7651],[18.2298,45.7812],[18.2112,45.7854]],[[18.2112,45.7854],[18.129,45.7854],[18.1202,45.7834],[18.1029,45.7746],[18.0921,45.7717],[18.0805,45.7717]],[[18.3976,45.7413],[18.3907,45.7418],[18.3841,45.7431],[18.3838,45.7432],[18.3672,45.7582],[18.3512,45.7584]],[[18.3512,45.7584],[18.3349,45.752],[18.3177,45.7473]]]}},{"type":"Feature","properties":{},"geometry":{"type":"LineString","coordinates":[[13.6429,45.4594],[13.6428,45.4594]]}},{"type":"Feature","properties":{},"geometry":{"type":"MultiLineString","coordinates":[[[16.3434,46.7142],[16.3341,46.7217],[16.3255,46.7333],[16.3142,46.7433],[16.3004,46.7721],[16.2982,46.7758],[16.2995,46.7795],[16.3022,46.787],[16.3111,46.7975],[16.3149,46.802],[16.3218,46.8133],[16.3275,46.8255],[16.3298,46.8344],[16.3253,46.8394],[16.3107,46.84],[16.3019,46.8432],[16.2974,46.847],[16.2822,46.8599],[16.272,46.864]],[[16.272,46.864],[16.1795,46.8585],[16.1354,46.8558]],[[16.1354,46.8558],[16.1302,46.8567],[16.094,46.8628]],[[16.5153,46.5017],[16.5008,46.5448],[16.4671,46.5647],[16.4302,46.6044],[16.3946,46.619],[16.3764,46.6291],[16.3722,46.6363],[16.3684,46.643],[16.3776,46.6529],[16.3967,46.6591],[16.4026,46.6631],[16.4105,46.6684],[16.405,46.6873],[16.39,46.6942],[16.3714,46.6949],[16.3662,46.6965],[16.3654,46.6967],[16.3576,46.699],[16.3573,46.7158]],[[16.3573,46.7158],[16.3434,46.7142]]]}},{"type":"Feature","properties":{},"geometry":{"type":"MultiLineString","coordinates":[[[27.5464,41.9012],[27.5332,41.9081],[27.5095,41.9332],[27.4943,41.9428],[27.4208,41.9737],[27.3969,41.9893],[27.3748,42.0087],[27.3325,42.0574],[27.3053,42.0776],[27.2734,42.0917],[27.2382,42.0979]],[[27.2382,42.0979],[27.2164,42.0956],[27.2038,42.0881],[27.1816,42.0659],[27.179,42.0619],[27.1782,42.0584],[27.1738,42.0571]],[[27.1161,42.0618],[27.1007,42.0711],[27.0837,42.0784],[27.0655,42.0827],[27.0479,42.0829],[27.0465,42.0829]],[[27.0465,42.0829],[27.0226,42.0739],[27.0004,42.0428],[26.9811,42.0329],[26.9672,42.0285],[26.9582,42.0182],[26.9501,42.0062],[26.9389,41.9962],[26.9302,41.9945]],[[27.1738,42.0571],[27.1496,42.0618],[27.1272,42.0626]],[[27.1272,42.0626],[27.1161,42.0618]],[[26.9302,41.9945],[26.9115,41.9968]],[[26.9115,41.9968],[26.9011,41.9935],[26.8903,41.9854]],[[27.917,41.9779],[27.9034,41.9811],[27.8769,41.9907],[27.8522,41.9954],[27.843,41.9958]],[[27.843,41.9958],[27.824,41.9935]],[[27.824,41.9935],[27.8199,41.9947],[27.816,41.9951]],[[27.816,41.9951],[27.8119,41.9947],[27.808,41.9935],[27.8049,41.9834],[27.8049,41.9699],[27.8027,41.9601],[27.8183,41.9529],[27.8153,41.9468],[27.8028,41.9431],[27.7898,41.9427]],[[26.8903,41.9854],[26.8811,41.9855],[26.8717,41.9881]],[[26.8717,41.9881],[26.8608,41.9879],[26.85,41.9829],[26.8379,41.9752],[26.8277,41.9688],[26.8194,41.9657]],[[26.8194,41.9657],[26.8084,41.9679],[26.7899,41.9799],[26.7806,41.9834]],[[26.7806,41.9834],[26.7686,41.9808],[26.747,41.9645],[26.7367,41.959],[26.7176,41.9573]],[[28.0168,41.9725],[27.981,41.9785],[27.9659,41.9821]],[[27.9659,41.9821],[27.917,41.9779]],[[26.7176,41.9573],[26.6236,41.969]],[[26.6236,41.969],[26.6057,41.9674],[26.5895,41.9588],[26.5606,41.9357],[26.5533,41.9316],[26.5471,41.9269],[26.543,41.9204],[26.5447,41.9164],[26.5568,41.9108],[26.5598,41.9073],[26.559,41.9017],[26.5547,41.8929],[26.5536,41.8877],[26.5529,41.8816],[26.5521,41.8744],[26.5478,41.8563],[26.5395,41.838],[26.5261,41.8242],[26.4784,41.8133]],[[27.7898,41.9427],[27.7762,41.9461],[27.724,41.9676],[27.6871,41.9686]],[[27.6871,41.9686],[27.6093,41.9535],[27.6069,41.9435],[27.6034,41.9386],[27.5981,41.9386]],[[27.5981,41.9386],[27.5905,41.9429]],[[27.5905,41.9429],[27.5824,41.9349],[27.5722,41.9298],[27.5508,41.9242],[27.5521,41.9218],[27.5549,41.9203],[27.5579,41.9191],[27.5607,41.9177],[27.5575,41.9155],[27.5513,41.9131],[27.5489,41.9109],[27.5627,41.9064],[27.5464,41.9012]],[[26.4784,41.8133],[26.3755,41.8166]],[[26.3755,41.8166],[26.3342,41.7895],[26.32,41.7655],[26.3163,41.7438],[26.3232,41.7237],[26.3334,41.713]]]}},{"type":"Feature","properties":{},"geometry":{"type":"MultiLineString","coordinates":[[[12.4822,43.9826],[12.4892,43.9731],[12.4924,43.9564],[12.4903,43.9392],[12.4831,43.9292],[12.4822,43.9279],[12.4796,43.9258],[12.478,43.9232],[12.4775,43.9201],[12.4783,43.917],[12.4605,43.8953],[12.4294,43.8921]],[[12.4294,43.8921],[12.3996,43.9032],[12.3856,43.9245],[12.3957,43.9484],[12.411,43.9597],[12.4214,43.9672],[12.4533,43.9791],[12.4822,43.9826]]]}},{"type":"Feature","properties":{},"geometry":{"type":"MultiLineString","coordinates":[[[5.9949,50.7499],[5.9933,50.7481],[5.9926,50.7463],[5.9927,50.7444],[5.9942,50.7426],[6.0108,50.7371],[6.0113,50.7274],[6.0076,50.7169],[6.0116,50.7085],[6.0248,50.7076]],[[6.0644,50.7145],[6.081,50.7135],[6.1002,50.7013],[6.1611,50.6422],[6.1478,50.6368],[6.1594,50.6224],[6.18,50.6155],[6.2491,50.6144],[6.2513,50.6084],[6.2443,50.5995],[6.2329,50.5908],[6.2329,50.5871],[6.2106,50.5787],[6.1791,50.562],[6.1607,50.5436],[6.1773,50.5302],[6.1695,50.5225],[6.1708,50.518],[6.1789,50.5158],[6.1906,50.5152],[6.1826,50.5066],[6.1907,50.5018],[6.1992,50.4904],[6.2072,50.4863],[6.2171,50.486]],[[6.0248,50.7076],[6.0644,50.7145]],[[6.2556,50.4946],[6.2578,50.4941],[6.2601,50.4927],[6.2754,50.488],[6.3187,50.4817],[6.3369,50.481],[6.3257,50.474],[6.3233,50.466],[6.3262,50.457],[6.3316,50.4469],[6.3402,50.4379],[6.3473,50.437],[6.3512,50.4336],[6.3504,50.4169],[6.3433,50.3933],[6.3364,50.3799],[6.3377,50.3681],[6.3725,50.3294],[6.3734,50.3231],[6.3745,50.3155],[6.362,50.307],[6.3355,50.3039]],[[6.2171,50.486],[6.2509,50.4927],[6.2531,50.4941],[6.2556,50.4946]],[[6.3355,50.3039],[6.322,50.3054],[6.3107,50.3082],[6.2995,50.3089]],[[6.2995,50.3089],[6.286,50.3039],[6.276,50.2961],[6.2694,50.2865],[6.2673,50.2764],[6.2718,50.2674],[6.2534,50.2568],[6.2104,50.249],[6.1896,50.2427],[6.1798,50.233],[6.1572,50.2227],[6.1468,50.214],[6.1602,50.2045],[6.1658,50.1932],[6.1651,50.1819],[6.1591,50.1724],[6.1517,50.1693],[6.1317,50.1683],[6.1232,50.1649],[6.1213,50.1616],[6.118,50.1504],[6.1158,50.1455],[6.126,50.1402],[6.1295,50.134],[6.1266,50.1273],[6.1175,50.1205]]]}},{"type":"Feature","properties":{},"geometry":{"type":"MultiLineString","coordinates":[[[12.1806,47.0852],[12.2042,47.0797],[12.2039,47.067],[12.2036,47.0533],[12.1823,47.0336],[12.1217,47.0105],[12.1112,46.993],[12.1178,46.9831],[12.1221,46.9717],[12.1282,46.9486],[12.1347,46.9374],[12.1417,46.928],[12.1416,46.9188],[12.1269,46.9089],[12.1374,46.9059],[12.161,46.903],[12.1722,46.8992],[12.1835,46.8912],[12.189,46.8849],[12.1951,46.8801],[12.2087,46.8766],[12.2508,46.8756],[12.2666,46.8681],[12.2758,46.8463],[12.2761,46.834],[12.2733,46.8268],[12.2696,46.8198],[12.2669,46.8083],[12.2667,46.7953],[12.2691,46.7886],[12.2748,46.7846],[12.2844,46.78],[12.3053,46.7745],[12.326,46.7725],[12.3427,46.7651],[12.3515,46.7432],[12.3704,46.7112],[12.405,46.6901],[12.4456,46.6787],[12.4696,46.6758],[12.4999,46.6721],[12.5308,46.6577],[12.5473,46.6522],[12.562,46.6512]],[[11.7349,46.9706],[11.7464,46.9725],[11.7661,46.9834],[11.7771,46.9883],[11.8225,46.9933],[11.857,47.012],[11.8995,47.0277],[11.9436,47.0382],[12.015,47.0405],[12.1162,47.0766],[12.1331,47.0788],[12.1806,47.0852]],[[11.4718,47.0071],[11.4894,47.0042],[11.4959,47.0016],[11.5017,46.9979],[11.507,46.993],[11.5153,46.9895],[11.5244,46.9883]],[[11.4112,46.9705],[11.4452,46.993],[11.4453,46.9931],[11.4529,47.0009],[11.4618,47.0055],[11.4718,47.0071]],[[11.5965,47.0004],[11.648,46.9933]],[[11.5244,46.9883],[11.5338,46.9895],[11.5433,46.993],[11.5434,46.993],[11.5436,46.9931],[11.5437,46.9931],[11.5727,46.9989],[11.5965,47.0004]],[[11.6648,46.9933],[11.6838,46.9919],[11.7162,46.9755],[11.7349,46.9706]],[[11.6573,46.9925],[11.6648,46.9933]],[[11.6485,46.9933],[11.6497,46.993],[11.6573,46.9925]],[[11.648,46.9933],[11.6485,46.9933]],[[11.3138,46.9873],[11.3495,46.9819],[11.3806,46.9716],[11.4112,46.9705]],[[10.9827,46.7677],[10.9969,46.7691],[11.0109,46.7792],[11.0333,46.8056],[11.0374,46.8083],[11.0485,46.8117],[11.0528,46.8149],[11.0546,46.8199],[11.0535,46.8303],[11.0543,46.8341],[11.0731,46.865],[11.0836,46.9001],[11.0919,46.9124],[11.1566,46.9565],[11.1745,46.9639],[11.2437,46.9793],[11.3138,46.9873]],[[10.4538,46.8644],[10.4863,46.8464],[10.5277,46.8432]],[[10.6471,46.8638],[10.6625,46.861],[10.739,46.8295],[10.7487,46.8194],[10.7438,46.8125],[10.7216,46.8001],[10.7169,46.7952],[10.7229,46.7864],[10.7337,46.7862]],[[10.5277,46.8432],[10.6294,46.8624],[10.6471,46.8638]],[[10.7548,46.7908],[10.7663,46.7881],[10.7951,46.7769],[10.8049,46.7766]],[[10.7337,46.7862],[10.7548,46.7908]],[[10.8239,46.7804],[10.8342,46.7802],[10.8431,46.777],[10.8602,46.767],[10.8704,46.7641]],[[10.8049,46.7766],[10.8239,46.7804]],[[10.9309,46.774],[10.9657,46.7716],[10.9827,46.7677]],[[10.8704,46.7641],[10.8803,46.7646],[10.9137,46.7723],[10.9309,46.774]],[[12.6202,46.6565],[12.6696,46.653],[12.6714,46.6525],[12.6792,46.65],[12.6974,46.6405],[12.7066,46.6377]],[[12.562,46.6512],[12.6202,46.6565]],[[12.7399,46.643],[12.7485,46.641],[12.7736,46.6352],[12.8304,46.6096],[13.0645,46.598],[13.1465,46.585],[13.21,46.558],[13.2311,46.5522],[13.2714,46.5508]],[[12.7066,46.6377],[12.716,46.638],[12.732,46.6423],[12.7399,46.643]],[[13.3733,46.5658],[13.417,46.5605]],[[13.2714,46.5508],[13.3733,46.5658]],[[13.478,46.5636],[13.4849,46.5617],[13.4991,46.5506],[13.5068,46.5469],[13.5492,46.5458],[13.6703,46.5187],[13.6853,46.5176]],[[13.417,46.5605],[13.478,46.5636]],[[13.6853,46.5176],[13.701,46.5197]]]}},{"type":"Feature","properties":{},"geometry":{"type":"MultiLineString","coordinates":[[[7.407,43.7635],[7.4262,43.7555],[7.4375,43.7434]],[[7.3658,43.7227],[7.3673,43.7341],[7.3727,43.7458],[7.3875,43.7579],[7.407,43.7635]]]}},{"type":"Feature","properties":{},"geometry":{"type":"MultiLineString","coordinates":[[[13.701,46.5197],[13.7011,46.5119],[13.6992,46.5048],[13.6955,46.4986],[13.6899,46.4933],[13.6884,46.4678],[13.6859,46.464],[13.6775,46.4521],[13.6588,46.4451]],[[13.6588,46.4451],[13.6341,46.4457]],[[13.6341,46.4457],[13.6002,46.4426],[13.5757,46.4267],[13.5544,46.406],[13.53,46.3883],[13.4837,46.3712],[13.4597,46.359],[13.4473,46.3548],[13.4341,46.3539],[13.4232,46.3448],[13.4098,46.3236],[13.3956,46.3067],[13.3913,46.3016],[13.3653,46.2903],[13.373,46.2803],[13.3786,46.2684],[13.3847,46.2433],[13.3848,46.2432],[13.3849,46.2431],[13.3981,46.2305],[13.4016,46.2167],[13.4101,46.208]],[[13.4228,46.2286],[13.4383,46.2249],[13.4683,46.2234],[13.4823,46.2179],[13.5102,46.214],[13.529,46.2048],[13.559,46.1841],[13.5845,46.1813]],[[13.4101,46.208],[13.4374,46.2109],[13.4228,46.2286]],[[13.6139,46.1835],[13.6274,46.1817],[13.6374,46.1804],[13.6411,46.1714],[13.645,46.1617],[13.6164,46.125],[13.5226,46.0753],[13.5051,46.066],[13.4823,46.0448],[13.4903,46.0389],[13.4928,46.0325],[13.49,46.0256],[13.4823,46.0184],[13.4771,46.0161],[13.4618,46.0064],[13.4748,45.9957],[13.4795,45.9931],[13.4804,45.9923],[13.4812,45.9914],[13.4818,45.9904],[13.4823,45.9892],[13.5094,45.9674]],[[13.5845,46.1813],[13.6139,46.1835]],[[13.6059,45.9854],[13.6228,45.9664],[13.6153,45.9459],[13.6082,45.9266],[13.5993,45.9123],[13.5693,45.8645],[13.566,45.8303],[13.5742,45.819],[13.5813,45.8092],[13.6092,45.7986],[13.6436,45.7957],[13.6603,45.792],[13.6999,45.7705],[13.7095,45.7653],[13.7787,45.7434],[13.8584,45.6494],[13.8692,45.6411],[13.8841,45.6351],[13.8931,45.6347],[13.8936,45.6338],[13.8947,45.6318],[13.887,45.6188],[13.8679,45.6022],[13.8478,45.5847],[13.8005,45.5813]],[[13.5094,45.9674],[13.5394,45.969],[13.5717,45.9798],[13.6007,45.9846],[13.6059,45.9854]],[[13.8005,45.5813],[13.7611,45.5962]],[[13.7611,45.5962],[13.7118,45.5932]]]}},{"type":"Feature","properties":{},"geometry":{"type":"MultiLineString","coordinates":[[[-1.7474,43.291],[-1.7497,43.2948],[-1.7524,43.2991],[-1.7558,43.3185],[-1.7682,43.3309],[-1.7969,43.3411],[-1.7972,43.3533],[-1.7964,43.3744],[-1.7941,43.386]],[[-1.6111,43.2458],[-1.6219,43.247],[-1.6341,43.2511],[-1.639,43.2557],[-1.6463,43.2728],[-1.648,43.2815],[-1.6452,43.2876],[-1.645,43.2924],[-1.6549,43.2975],[-1.6739,43.3042],[-1.683,43.3049]],[[-1.683,43.3049],[-1.7033,43.2986],[-1.7248,43.2965],[-1.7366,43.2923],[-1.7474,43.291]],[[-1.4664,43.2608],[-1.5081,43.2768],[-1.5392,43.2836],[-1.559,43.2841]],[[-1.559,43.2841],[-1.574,43.2774],[-1.5819,43.2604],[-1.5876,43.2516],[-1.5985,43.247],[-1.6111,43.2458]],[[-1.3831,43.0292],[-1.4105,43.0309],[-1.435,43.0357],[-1.4571,43.0451],[-1.4753,43.0601],[-1.4878,43.0818],[-1.4796,43.0903],[-1.4384,43.1228],[-1.4258,43.1353],[-1.4105,43.1669],[-1.3997,43.2067],[-1.4035,43.2433],[-1.4322,43.265],[-1.4442,43.2651]],[[-1.4442,43.2651],[-1.4553,43.2622],[-1.4664,43.2608]],[[-1.1499,43.0057],[-1.1825,43.0253],[-1.2169,43.0393],[-1.2749,43.0468],[-1.2937,43.0552],[-1.3106,43.0695],[-1.3151,43.0829],[-1.307,43.096],[-1.286,43.1092],[-1.3086,43.1136]],[[-1.3086,43.1136],[-1.3311,43.1073],[-1.3483,43.0931],[-1.3552,43.073],[-1.3576,43.0468],[-1.3661,43.0333],[-1.3831,43.0292]],[[-0.8635,42.9431],[-0.9432,42.9479],[-0.9815,42.957],[-1.0163,42.9762],[-1.0285,42.9867],[-1.0451,42.9902],[-1.0797,42.9934],[-1.0872,42.998],[-1.1037,43.0057],[-1.1124,43.0083]],[[-1.1124,43.0083],[-1.1499,43.0057]],[[-0.7203,42.8766],[-0.7301,42.8775],[-0.7403,42.8848],[-0.7459,42.8939],[-0.7448,42.8993],[-0.7414,42.9039],[-0.7409,42.9109],[-0.745,42.9187],[-0.7597,42.9465],[-0.7864,42.9533]],[[-0.7864,42.9533],[-0.8635,42.9431]],[[-0.6035,42.7968],[-0.6102,42.7991],[-0.61,42.8028],[-0.608,42.8072],[-0.6095,42.8114],[-0.6483,42.8498],[-0.6661,42.8607],[-0.7004,42.8764],[-0.7105,42.8777]],[[-0.7105,42.8777],[-0.7203,42.8766]],[[0.7763,42.8325],[0.7588,42.8353],[0.7243,42.8453],[0.7068,42.8466]],[[0.7068,42.8466],[0.6794,42.8451],[0.6563,42.8384],[0.6516,42.8241],[0.6537,42.8027],[0.6397,42.7747],[0.6507,42.7634],[0.6433,42.7591],[0.6396,42.7548],[0.6335,42.7448],[0.6476,42.741],[0.6596,42.7299],[0.6665,42.7148],[0.6654,42.6987],[0.6634,42.6962],[0.6567,42.688],[0.6436,42.6845]],[[-0.2084,42.7839],[-0.2351,42.7862],[-0.247,42.8048],[-0.3051,42.8308],[-0.3074,42.8318],[-0.3228,42.8425]],[[-0.3228,42.8425],[-0.3282,42.8326],[-0.3352,42.825],[-0.343,42.8227]],[[0.9211,42.7844],[0.9104,42.7877],[0.8944,42.7993],[0.8858,42.8042],[0.8561,42.8128],[0.8129,42.8316],[0.7957,42.8338]],[[0.7957,42.8338],[0.7763,42.8325]],[[-0.343,42.8227],[-0.3517,42.8292]],[[-0.3517,42.8292],[-0.3997,42.8013],[-0.4239,42.7907],[-0.4545,42.7889]],[[-0.4545,42.7889],[-0.5084,42.8075],[-0.5339,42.808]],[[-0.5339,42.808],[-0.5356,42.7842],[-0.5444,42.782],[-0.5612,42.7735],[-0.569,42.7726]],[[-0.569,42.7726],[-0.5787,42.7773],[-0.5785,42.7833],[-0.5771,42.7898],[-0.5829,42.7958],[-0.5873,42.7968]],[[-0.5873,42.7968],[-0.6035,42.7968]],[[1.1625,42.7057],[1.1515,42.7067],[1.1343,42.716],[1.1241,42.7297],[1.1166,42.7452],[1.1067,42.7596],[1.0891,42.7713],[1.0682,42.7761],[0.9829,42.7804],[0.9753,42.7837],[0.9587,42.7937],[0.9503,42.7961]],[[0.9503,42.7961],[0.94,42.7937],[0.9306,42.788],[0.9211,42.7844]],[[-0.0389,42.6851],[-0.0784,42.6967],[-0.0842,42.7011],[-0.0889,42.7061],[-0.0958,42.7107],[-0.1085,42.7134],[-0.119,42.7169],[-0.1218,42.7233],[-0.1231,42.7304],[-0.1292,42.7359],[-0.1457,42.7459],[-0.1578,42.7607],[-0.1636,42.778],[-0.1614,42.7953]],[[-0.1614,42.7953],[-0.1794,42.7897],[-0.2084,42.7839]],[[0.2754,42.6687],[0.2598,42.6824],[0.2384,42.7104],[0.2224,42.7162],[0.1692,42.7265]],[[0.1692,42.7265],[0.1529,42.7246],[0.1342,42.7152],[0.0728,42.7085],[-0.0043,42.6875],[-0.0389,42.6851]],[[0.4093,42.6823],[0.3893,42.6851],[0.3844,42.6886],[0.3837,42.6927],[0.384,42.6969],[0.3818,42.7001],[0.3542,42.7175]],[[0.3542,42.7175],[0.336,42.7127],[0.3183,42.6995],[0.2902,42.6703],[0.2754,42.6687]],[[1.4293,42.5954],[1.4148,42.6093],[1.398,42.6436],[1.3788,42.6632],[1.3611,42.6867],[1.3527,42.6901],[1.3433,42.6904],[1.3382,42.6944],[1.3426,42.7087],[1.3191,42.7134],[1.1959,42.7136]],[[1.1959,42.7136],[1.1625,42.7057]],[[0.4835,42.6853],[0.4669,42.6904]],[[0.4669,42.6904],[0.4288,42.683],[0.4093,42.6823]],[[0.6436,42.6845],[0.6082,42.688]],[[0.6082,42.688],[0.4835,42.6853]]]}},{"type":"Feature","properties":{},"geometry":{"type":"MultiLineString","coordinates":[[[1.5431,42.6494],[1.5973,42.6219],[1.6083,42.6181],[1.722,42.6099],[1.7133,42.5895],[1.7294,42.582],[1.7527,42.5767],[1.7611,42.5676],[1.7651,42.5634],[1.74,42.5616],[1.7217,42.5485],[1.7106,42.5277],[1.707,42.5028]],[[1.4984,42.6402],[1.5278,42.6485],[1.5431,42.6494]],[[1.4668,42.6415],[1.4984,42.6402]],[[1.4293,42.5954],[1.4514,42.6021],[1.4668,42.6415]]]}},{"type":"Feature","properties":{},"geometry":{"type":"MultiLineString","coordinates":[[[1.707,42.5028],[1.71,42.5013],[1.712,42.4993],[1.7127,42.4968],[1.7122,42.4937],[1.7306,42.4881],[1.7927,42.4817],[1.8137,42.4752],[1.8698,42.4468],[1.8932,42.4427],[1.912,42.442],[1.9275,42.4369],[1.9411,42.4201],[1.9542,42.3827],[1.9637,42.3672],[1.9834,42.3545],[1.9957,42.3487],[2.0092,42.3471]],[[2.9337,42.4702],[2.9661,42.461]],[[2.8841,42.4492],[2.9008,42.4513],[2.9337,42.4702]],[[2.9831,42.4693],[2.9938,42.4676],[3.023,42.467],[3.0296,42.4657],[3.036,42.4546],[3.0439,42.4453],[3.0536,42.4376],[3.0656,42.432],[3.0861,42.4272],[3.1117,42.425]],[[2.9661,42.461],[2.9831,42.4693]],[[2.8669,42.4496],[2.8841,42.4492]],[[2.7677,42.4096],[2.7886,42.412],[2.8046,42.4196],[2.8348,42.4413],[2.8508,42.4484],[2.8669,42.4496]],[[3.1117,42.425],[3.1378,42.4259],[3.181,42.4315]],[[2.2774,42.4286],[2.3053,42.417],[2.3173,42.4096],[2.3755,42.3893],[2.4066,42.3843],[2.4225,42.3837],[2.4299,42.3675],[2.4456,42.352],[2.4649,42.3406],[2.4834,42.337],[2.5037,42.3285],[2.5148,42.3257]],[[2.1842,42.4118],[2.246,42.4261],[2.2774,42.4286]],[[2.137,42.4162],[2.1842,42.4118]],[[2.0092,42.3471],[2.0353,42.3493],[2.0517,42.3524],[2.0633,42.3579],[2.0801,42.3713],[2.104,42.3848],[2.1087,42.3906],[2.1163,42.4054],[2.121,42.4106],[2.137,42.4162]],[[2.7285,42.414],[2.7677,42.4096]],[[2.6354,42.3379],[2.6622,42.339],[2.6618,42.3434],[2.6494,42.3537],[2.6403,42.3728],[2.6482,42.3815],[2.6904,42.4062],[2.7081,42.4129],[2.7285,42.414]],[[2.5674,42.3526],[2.6134,42.341],[2.6354,42.3379]],[[2.5148,42.3257],[2.5253,42.3259],[2.532,42.3308],[2.5403,42.347],[2.5481,42.3522],[2.5674,42.3526]]]}},{"type":"Feature","properties":{},"geometry":{"type":"MultiLineString","coordinates":[[[1.968,42.4857],[1.9783,42.475],[1.9884,42.4582],[1.9995,42.4439],[1.9961,42.4428],[1.9862,42.4413],[1.9834,42.4413]],[[1.9834,42.4413],[1.9606,42.4437],[1.9475,42.4512],[1.9456,42.4638],[1.9566,42.4818],[1.968,42.4857]]]}},{"type":"Feature","properties":{},"geometry":{"type":"MultiLineString","coordinates":[[[1.4293,42.5954],[1.4249,42.5894],[1.4193,42.5793],[1.418,42.5698],[1.4264,42.5656],[1.4263,42.5618],[1.4098,42.5406],[1.4065,42.5292]],[[1.429,42.5315],[1.4466,42.5199],[1.45,42.5041],[1.4302,42.4936],[1.4245,42.4925],[1.4076,42.4868],[1.4364,42.4535],[1.4364,42.441],[1.4479,42.4346],[1.5085,42.4287]],[[1.4065,42.5292],[1.429,42.5315]],[[1.6742,42.4905],[1.6863,42.4906],[1.6975,42.4945],[1.707,42.5028]],[[1.657,42.4976],[1.6598,42.4968],[1.6624,42.4937],[1.6742,42.4905]],[[1.5085,42.4287],[1.5166,42.4295],[1.5282,42.4342],[1.5345,42.4399],[1.5389,42.4457],[1.5444,42.4504],[1.6075,42.4564],[1.6395,42.4664],[1.6504,42.4934],[1.654,42.4965],[1.657,42.4976]]]}},{"type":"Feature","properties":{},"geometry":{"type":"MultiLineString","coordinates":[[[22.826,41.341],[22.917,41.3358]],[[22.7049,41.1397],[22.7158,41.1456],[22.7272,41.1658],[22.7367,41.2044],[22.7409,41.2836],[22.742,41.287],[22.7513,41.3152],[22.7623,41.3225],[22.781,41.3349],[22.7968,41.337],[22.826,41.341]],[[22.6445,41.1802],[22.6561,41.1781],[22.6572,41.177],[22.6619,41.1723],[22.6663,41.1645],[22.6741,41.1566],[22.6919,41.1446],[22.7049,41.1397]],[[22.5492,41.1185],[22.5713,41.1195],[22.5866,41.1241],[22.5902,41.1251],[22.6073,41.136],[22.6245,41.1526],[22.6268,41.1608],[22.6259,41.1698],[22.6293,41.1771],[22.6445,41.1802]],[[22.2058,41.1614],[22.2136,41.1607],[22.2251,41.1596],[22.263,41.1505],[22.2935,41.1475],[22.3026,41.1455],[22.3052,41.1416],[22.3067,41.1284],[22.3087,41.125],[22.3151,41.1244]],[[22.1034,41.1215],[22.1244,41.1272],[22.1603,41.1519],[22.1832,41.1599],[22.2058,41.1614]],[[22.0482,41.1519],[22.0555,41.1499],[22.0586,41.1451],[22.0603,41.14],[22.0628,41.1372],[22.0959,41.1236],[22.1034,41.1215]],[[21.737,40.9192],[21.7571,40.9225],[21.7655,40.9239],[21.7781,40.9337],[21.7818,40.9451],[21.7819,40.9559],[21.7837,40.9642],[21.7936,40.9736],[21.8313,40.9935],[21.8314,40.9936],[21.8314,40.9937],[21.8315,40.9937],[21.845,41.0124],[21.8807,41.0384],[21.8943,41.0538],[21.8962,41.0614],[21.8963,41.0647],[21.8972,41.0813],[21.9012,41.0908],[21.9091,41.0975],[21.9255,41.1068],[21.9347,41.1119],[21.9651,41.1244],[22.0291,41.1386],[22.0338,41.1413],[22.0441,41.1499],[22.0482,41.1519]],[[22.3677,41.1324],[22.3802,41.1317],[22.3893,41.1283],[22.4104,41.1179],[22.4218,41.1146],[22.4515,41.1137]],[[22.3151,41.1244],[22.3234,41.1285],[22.3423,41.129],[22.3677,41.1324]],[[22.5166,41.1222],[22.5492,41.1185]],[[22.4515,41.1137],[22.4675,41.115],[22.4814,41.1178],[22.5007,41.1221],[22.5166,41.1222]],[[21.6851,40.928],[21.737,40.9192]],[[21.6439,40.8945],[21.6488,40.8958],[21.6527,40.9014],[21.6548,40.9143],[21.6569,40.9182],[21.6851,40.928]],[[21.4294,40.909],[21.5057,40.9009],[21.5095,40.9005],[21.5537,40.8704],[21.5816,40.8663]],[[21.261,40.8608],[21.2954,40.8609],[21.3293,40.8663],[21.3449,40.8731],[21.3813,40.9005],[21.4049,40.9086],[21.4294,40.909]],[[21.6295,40.8951],[21.6439,40.8945]],[[21.5816,40.8663],[21.5903,40.8707],[21.6137,40.8883],[21.6237,40.8944],[21.6295,40.8951]],[[21.183,40.8702],[21.2091,40.8691],[21.2458,40.8632],[21.261,40.8608]],[[20.9653,40.8494],[21.1121,40.8539],[21.183,40.8702]]]}},{"type":"Feature","properties":{},"geometry":{"type":"MultiLineString","coordinates":[[[21.4993,42.2387],[21.4815,42.2478]],[[21.4815,42.2478],[21.472,42.2391],[21.4676,42.2351]],[[21.5618,42.2472],[21.5199,42.239],[21.4993,42.2387]],[[21.4676,42.2351],[21.4572,42.237],[21.4479,42.2441],[21.4363,42.2469]],[[21.4363,42.2469],[21.4199,42.2401],[21.4215,42.2314],[21.4287,42.2226],[21.4298,42.2158],[21.4191,42.215]],[[21.4191,42.215],[21.3843,42.2249]],[[21.3843,42.2249],[21.3668,42.2239],[21.3606,42.2201],[21.3538,42.216],[21.295,42.149],[21.2937,42.1402],[21.2958,42.1348],[21.2988,42.1294],[21.3003,42.1209],[21.3013,42.1006],[21.3008,42.0984],[21.2993,42.0914],[21.2889,42.0897]],[[21.2889,42.0897],[21.2457,42.0962],[21.2378,42.0974],[21.2293,42.1038],[21.2254,42.1068],[21.2162,42.1212],[21.1999,42.1412],[21.1644,42.167],[21.1264,42.1889],[21.113,42.1944],[21.1062,42.1958],[21.0985,42.196]],[[21.0985,42.196],[21.0744,42.1845],[21.0409,42.16],[21.0292,42.1514],[21.0039,42.142],[20.9751,42.1347],[20.9042,42.1167],[20.8105,42.0929],[20.7849,42.082],[20.7654,42.0643],[20.7554,42.0428],[20.7431,41.9935],[20.7418,41.9708],[20.7514,41.9403],[20.7544,41.9309],[20.7511,41.9102],[20.7505,41.9068],[20.74,41.888],[20.7233,41.8666],[20.7144,41.8592],[20.703,41.8496],[20.6815,41.844]],[[20.6815,41.844],[20.6718,41.8493],[20.6528,41.8693],[20.6434,41.8736]],[[20.6434,41.8736],[20.637,41.8704],[20.6262,41.8552],[20.6187,41.8505],[20.6024,41.8499]],[[20.6024,41.8499],[20.5903,41.8547],[20.5671,41.8732]]]}},{"type":"Feature","properties":{},"geometry":{"type":"LineString","coordinates":[[21.5641,42.2463],[21.5618,42.2472]]}},{"type":"Feature","properties":{},"geometry":{"type":"MultiLineString","coordinates":[[[22.345,42.3134],[22.3253,42.3143],[22.3076,42.3193],[22.2916,42.3284],[22.2769,42.3412],[22.274,42.3485],[22.2733,42.3655],[22.2689,42.3703]],[[22.2689,42.3703],[22.2598,42.3691],[22.2334,42.3489],[22.0955,42.3058],[22.0609,42.3011]],[[22.0609,42.3011],[22.0454,42.3024],[22.0276,42.304],[21.995,42.3126],[21.9415,42.3331],[21.929,42.3351]],[[21.929,42.3351],[21.9183,42.3313],[21.8844,42.3095],[21.8774,42.3082]],[[21.8774,42.3082],[21.8374,42.3086]],[[21.8374,42.3086],[21.8172,42.3051],[21.7195,42.261],[21.7065,42.2551],[21.692,42.242],[21.677,42.2349]],[[21.575,42.242],[21.5641,42.2463]],[[21.677,42.2349],[21.6769,42.2349],[21.6597,42.2356],[21.6247,42.2428]],[[21.6247,42.2428],[21.575,42.242]]]}},{"type":"Feature","properties":{},"geometry":{"type":"MultiLineString","coordinates":[[[22.5752,44.0614],[22.593,44.0639],[22.6047,44.0794],[22.6046,44.0882],[22.5981,44.1093],[22.5971,44.1191],[22.5991,44.1303],[22.6094,44.1599],[22.608,44.16],[22.606,44.1631],[22.6049,44.1685],[22.6062,44.1746],[22.6086,44.1759],[22.6248,44.1894],[22.64,44.2073],[22.6488,44.214],[22.6916,44.2284]],[[22.5546,44.0624],[22.5752,44.0614]],[[22.6069,43.4274],[22.5963,43.4292],[22.5868,43.4344],[22.5727,43.4482],[22.5658,43.4533],[22.5326,43.4648],[22.5189,43.4742],[22.5094,43.4933],[22.4906,43.5409],[22.4785,43.5592],[22.4776,43.5642],[22.4787,43.5692],[22.4814,43.5741],[22.4827,43.5767],[22.4831,43.5793],[22.4827,43.5817],[22.4814,43.5841],[22.4781,43.5876],[22.4771,43.5913],[22.4781,43.5949],[22.4814,43.5985],[22.4818,43.5989],[22.482,43.5995],[22.4818,43.6],[22.4814,43.6006],[22.4738,43.613],[22.4729,43.6359],[22.4663,43.6491],[22.4559,43.6564],[22.4265,43.6682],[22.414,43.6767],[22.4049,43.6872],[22.3969,43.6994],[22.3905,43.7124],[22.3861,43.7255],[22.3858,43.7338],[22.3896,43.7505],[22.3885,43.7583],[22.3626,43.7808],[22.3495,43.8079],[22.3547,43.8297],[22.3676,43.8528],[22.3771,43.8835],[22.379,43.9135],[22.382,43.9186],[22.3919,43.9319],[22.3945,43.9363],[22.3968,43.9519],[22.3973,43.9809],[22.3996,43.9933],[22.4118,44.0069],[22.4343,44.014],[22.4659,44.0176],[22.4814,44.0194],[22.5037,44.0199],[22.5149,44.0303],[22.5226,44.0447],[22.5342,44.0572],[22.5546,44.0624]],[[22.6742,43.3941],[22.6647,43.3967],[22.6589,43.4013],[22.6565,43.4032],[22.6454,43.4203],[22.6378,43.4264],[22.6285,43.4283]],[[22.6285,43.4283],[22.6069,43.4274]],[[22.6662,42.8719],[22.6966,42.8774],[22.727,42.8869],[22.7388,42.8974],[22.7396,42.8989],[22.7455,42.9101],[22.7632,42.9586],[22.7694,42.9713],[22.7764,42.9797],[22.7881,42.9849],[22.8158,42.9897],[22.8288,42.9934],[22.8289,42.9934],[22.829,42.9935],[22.829,42.9937],[22.8423,43.0075],[22.8842,43.0367],[22.8895,43.0444],[22.8967,43.0627],[22.9017,43.0697],[22.9102,43.0753],[22.9271,43.0811],[22.9353,43.0856],[22.9556,43.1083],[22.974,43.1412],[22.9846,43.1746],[22.9829,43.1873],[22.9814,43.199],[22.9647,43.2044],[22.9155,43.2122],[22.8978,43.2203],[22.8838,43.2306],[22.8573,43.2569],[22.8332,43.2746],[22.827,43.2814],[22.8239,43.2893],[22.8208,43.3075],[22.8171,43.3155],[22.8045,43.329],[22.733,43.3815],[22.7243,43.3861],[22.7194,43.3887],[22.7029,43.394],[22.6932,43.3949]],[[22.6932,43.3949],[22.6742,43.3941]],[[22.5909,42.8869],[22.6662,42.8719]],[[22.5376,42.8683],[22.5445,42.8714],[22.5448,42.8717],[22.55,42.8774],[22.5636,42.8843],[22.5909,42.8869]],[[22.5198,42.8704],[22.5376,42.8683]],[[22.345,42.3134],[22.3641,42.321],[22.4058,42.3216],[22.424,42.3259],[22.4385,42.3401],[22.4544,42.3768],[22.4698,42.3917],[22.4851,42.3972],[22.4976,42.3992],[22.5088,42.4049],[22.5195,42.4209],[22.5331,42.4576],[22.5365,42.4784],[22.5325,42.4934],[22.5325,42.4936],[22.5249,42.5077],[22.5121,42.5192],[22.4814,42.5356],[22.4297,42.5714],[22.4253,42.5729],[22.4288,42.5928],[22.4413,42.6329],[22.4446,42.6433],[22.4492,42.668],[22.4421,42.6817],[22.4681,42.7183],[22.4814,42.7277],[22.4826,42.7307],[22.4829,42.7338],[22.4826,42.7368],[22.4814,42.7398],[22.4666,42.7485],[22.4531,42.7636],[22.4294,42.8061],[22.4258,42.8098],[22.4274,42.8136],[22.4304,42.8171],[22.4368,42.8243],[22.4455,42.8302],[22.4709,42.8401],[22.4814,42.8467],[22.4971,42.8644],[22.506,42.8701],[22.5198,42.8704]]]}},{"type":"Feature","properties":{},"geometry":{"type":"MultiLineString","coordinates":[[[22.7251,42.0425],[22.7184,42.0445],[22.714,42.0486],[22.7103,42.053],[22.7057,42.0559],[22.6759,42.0606],[22.6272,42.0791],[22.6178,42.0827],[22.5311,42.1291],[22.5102,42.1448],[22.5069,42.1489],[22.4947,42.1646],[22.4814,42.1933],[22.4436,42.2144],[22.345,42.3134]],[[22.7989,42.0212],[22.7911,42.0258],[22.7877,42.0326],[22.7853,42.0391],[22.7809,42.0432],[22.7706,42.044]],[[22.7706,42.044],[22.7251,42.0425]],[[22.917,41.3358],[22.9409,41.3498],[22.9445,41.3684],[22.9394,41.3894],[22.9373,41.4108],[22.9405,41.4169],[22.9521,41.4277],[22.9546,41.4324],[22.9534,41.4382],[22.9476,41.4484],[22.9462,41.4532],[22.9436,41.5232],[22.943,41.5386],[22.9479,41.5551],[22.9487,41.561],[22.9464,41.5677],[22.9369,41.5789],[22.9337,41.5846],[22.9321,41.598],[22.933,41.6123],[22.9361,41.6262],[22.9409,41.6376],[22.9458,41.6411],[22.9615,41.6445],[22.967,41.647],[22.9701,41.652],[22.9766,41.6666],[22.9854,41.6772],[22.9986,41.6931],[23.0096,41.7164],[23.0089,41.7399],[22.9912,41.761],[22.9805,41.7647],[22.9569,41.7657],[22.9459,41.7693],[22.9397,41.7767],[22.9183,41.8143],[22.9077,41.8486],[22.9014,41.8604],[22.8967,41.8644],[22.885,41.8692],[22.8821,41.8716],[22.8808,41.8727],[22.8782,41.8803],[22.8786,41.895],[22.8771,41.902],[22.8663,41.9249],[22.8589,41.9479],[22.8571,41.9719],[22.8548,41.9826],[22.8469,41.9935],[22.8466,41.9936],[22.8458,42.0069],[22.8456,42.0074],[22.8437,42.0145],[22.8382,42.0195],[22.827,42.0251],[22.8213,42.0254]],[[22.8213,42.0254],[22.806,42.0214],[22.7989,42.0212]]]}},{"type":"Feature","properties":{},"geometry":{"type":"LineString","coordinates":[[18.4374,42.5592],[18.442,42.543],[18.4364,42.5108],[18.4371,42.4934],[18.4443,42.4779],[18.4549,42.4647],[18.4677,42.4534],[18.4755,42.4498],[18.4929,42.4424],[18.4978,42.4312],[18.4964,42.4163]]}},{"type":"Feature","properties":{},"geometry":{"type":"MultiLineString","coordinates":[[[17.7867,42.9014],[17.7655,42.9041],[17.7236,42.9162],[17.7016,42.9195]],[[17.7016,42.9195],[17.6795,42.9157],[17.6659,42.9052],[17.6533,42.8909]],[[18.3116,42.6012],[18.2571,42.6149],[18.2241,42.6281],[18.0494,42.7148],[17.9953,42.7404],[17.9719,42.755],[17.9289,42.7908],[17.9045,42.8045],[17.8694,42.8118],[17.8585,42.817],[17.8272,42.8531],[17.8251,42.8645],[17.8262,42.8886],[17.8233,42.8984],[17.8118,42.9099]],[[17.8118,42.9099],[17.8027,42.9096],[17.7947,42.9046],[17.7867,42.9014]],[[18.4374,42.5592],[18.421,42.5636],[18.3853,42.5665],[18.3705,42.5736],[18.3698,42.5744],[18.3496,42.5963],[18.3387,42.6025]],[[18.3387,42.6025],[18.3116,42.6012]]]}},{"type":"Feature","properties":{},"geometry":{"type":"MultiLineString","coordinates":[[[20.7944,43.2631],[20.8097,43.2596],[20.8194,43.2574],[20.8384,43.2459],[20.8485,43.2381],[20.8551,43.2314],[20.8647,43.2173]],[[20.6409,43.1153],[20.6321,43.1173],[20.6261,43.1237],[20.6206,43.1333],[20.6121,43.1549],[20.6001,43.1738],[20.5975,43.185],[20.604,43.198],[20.6123,43.2023],[20.6449,43.2033],[20.667,43.2097],[20.7453,43.2529],[20.7695,43.2608],[20.7944,43.2631]],[[20.8647,43.2173],[20.8616,43.2175],[20.8515,43.2198]],[[20.8515,43.2198],[20.84,43.2121],[20.8406,43.207],[20.8391,43.1925],[20.8361,43.1794],[20.832,43.1786],[20.8386,43.1705],[20.9125,43.1388],[20.9934,43.1041],[21.0052,43.0991],[21.0258,43.0934],[21.0926,43.0907],[21.1085,43.0816],[21.124,43.0583],[21.1393,43.0058],[21.1479,42.9926],[21.1654,42.9851]],[[20.5843,43.0069],[20.5964,43.0071],[20.6173,43.0221],[20.6438,43.0523],[20.6649,43.0854],[20.6692,43.1098],[20.6618,43.1159],[20.6517,43.1163]],[[20.6517,43.1163],[20.6409,43.1153]],[[20.5624,43.0095],[20.5728,43.0093],[20.5843,43.0069]],[[20.3454,42.8274],[20.428,42.8406],[20.4763,42.8555],[20.4988,42.8779],[20.4944,42.8875],[20.4889,42.8992],[20.4667,42.9095],[20.451,42.922],[20.4595,42.95],[20.4764,42.9664],[20.4935,42.9702],[20.5111,42.9702],[20.5305,42.9752],[20.5384,42.9807],[20.5439,42.9872],[20.5534,43.0026],[20.5624,43.0095]],[[21.1931,42.9979],[21.2098,42.9959],[21.2253,42.9736],[21.2267,42.9425],[21.2324,42.9109],[21.2605,42.8866],[21.2716,42.8843]],[[21.1654,42.9851],[21.1794,42.9906],[21.1931,42.9979]],[[21.295,42.8844],[21.3063,42.8824],[21.317,42.8776],[21.3364,42.8655],[21.3467,42.8608],[21.3788,42.8553],[21.3989,42.8546],[21.4084,42.847],[21.4084,42.8417],[21.4083,42.8207],[21.4041,42.804],[21.3906,42.7704],[21.3871,42.755],[21.3839,42.75],[21.3792,42.747],[21.3787,42.7441],[21.3887,42.739],[21.4055,42.7353]],[[21.2716,42.8843],[21.295,42.8844]],[[21.4418,42.7361],[21.5425,42.7258],[21.5652,42.7202],[21.5805,42.7102],[21.6127,42.6804],[21.6294,42.6722]],[[21.4055,42.7353],[21.4178,42.7356],[21.4418,42.7361]],[[21.7089,42.6872],[21.7387,42.6822],[21.7443,42.6794],[21.7644,42.6696],[21.7728,42.6475],[21.7671,42.6387],[21.7565,42.6336],[21.7445,42.6296],[21.7347,42.6242],[21.7356,42.6213],[21.7301,42.601],[21.7288,42.5983],[21.727,42.5964],[21.7202,42.5939],[21.7183,42.591],[21.7197,42.5867],[21.7268,42.5779],[21.7277,42.5741],[21.7177,42.5512],[21.6679,42.4901],[21.6279,42.4604],[21.619,42.4492],[21.6169,42.4339],[21.6219,42.4022],[21.6174,42.3866],[21.5966,42.3721],[21.5373,42.3586],[21.516,42.3419],[21.5149,42.3178],[21.5539,42.274],[21.5641,42.2463]],[[21.6294,42.6722],[21.6441,42.6723],[21.6874,42.6868],[21.7089,42.6872]]]}},{"type":"Feature","properties":{},"geometry":{"type":"MultiLineString","coordinates":[[[20.3454,42.8274],[20.2644,42.8173],[20.2261,42.8068],[20.2176,42.8027],[20.2092,42.7917],[20.2084,42.7821],[20.21,42.773],[20.2084,42.7633],[20.1834,42.7425]],[[20.1834,42.7425],[20.1495,42.7499],[20.1121,42.7665],[20.0763,42.7734]],[[20.0763,42.7734],[20.0651,42.7695],[20.0556,42.7639],[20.0347,42.7514],[20.0265,42.7432],[20.0248,42.7234],[20.0361,42.708],[20.037,42.7074],[20.0942,42.667],[20.102,42.6567],[20.1039,42.6531],[20.0906,42.6273],[20.0792,42.6113],[20.0757,42.6031],[20.0754,42.587],[20.0782,42.5729],[20.077,42.5599],[20.065,42.5468]]]}},{"type":"Feature","properties":{},"geometry":{"type":"MultiLineString","coordinates":[[[19.1953,43.5328],[19.1752,43.5096],[19.1759,43.4809],[19.1922,43.4545],[19.2184,43.4382],[19.3556,43.3931],[19.3723,43.3842],[19.414,43.3384],[19.4731,43.2933],[19.4851,43.2801],[19.5023,43.2519],[19.5124,43.2406],[19.5478,43.2188],[19.5499,43.2175],[19.5809,43.1878],[19.5981,43.1762],[19.6187,43.1682],[19.663,43.1585],[19.6846,43.1567]],[[19.7055,43.1662],[19.7136,43.1656],[19.7428,43.1265],[19.7612,43.1087],[19.7818,43.0965],[19.8051,43.09],[19.8383,43.0884]],[[19.6846,43.1567],[19.6973,43.1602],[19.7055,43.1662]],[[19.9166,43.1171],[19.9292,43.1139],[19.9366,43.1059],[19.9423,43.0956],[19.9498,43.0859],[19.9597,43.0786],[20.0199,43.0473],[20.0544,43.0222],[20.0563,43.0208],[20.1169,42.9767],[20.1295,42.9736],[20.1409,42.9708],[20.1946,42.9668],[20.2232,42.9577],[20.2756,42.9299],[20.3371,42.907],[20.3536,42.891],[20.3552,42.8662],[20.3454,42.8274]],[[19.8383,43.0884],[19.8722,43.0904],[19.8838,43.0957],[19.9071,43.1133],[19.9166,43.1171]]]}},{"type":"Feature","properties":{},"geometry":{"type":"MultiLineString","coordinates":[[[3.4539,51.2356],[3.4219,51.238],[3.3988,51.2447],[3.3917,51.2468],[3.3674,51.2635],[3.3532,51.2886],[3.3539,51.3119],[3.3581,51.3367],[3.3494,51.3752]],[[4.2215,51.368],[4.221,51.3638],[4.2135,51.3405],[4.2079,51.3306],[4.1686,51.2969],[4.119,51.2724],[3.995,51.2332],[3.9495,51.2108],[3.927,51.2063],[3.8087,51.2053]],[[3.8087,51.2053],[3.7963,51.2088],[3.7814,51.2199],[3.7797,51.2303],[3.7814,51.2414],[3.7762,51.2545],[3.7573,51.2623],[3.6351,51.2878],[3.6095,51.2904]],[[3.6095,51.2904],[3.5848,51.2895],[3.545,51.2839],[3.529,51.2833],[3.5143,51.281],[3.5034,51.274],[3.5015,51.2624],[3.5041,51.2497],[3.5012,51.2403],[3.4539,51.2356]]]}},{"type":"Feature","properties":{},"geometry":{"type":"MultiLineString","coordinates":[[[4.8227,51.4137],[4.8154,51.4311],[4.8199,51.4462],[4.8261,51.4606],[4.8239,51.4756],[4.8136,51.4841],[4.7968,51.491],[4.7787,51.4954],[4.7642,51.4962]],[[4.7642,51.4962],[4.7312,51.4856],[4.6539,51.4262],[4.6436,51.4214],[4.6301,51.4182],[4.6146,51.4176]],[[4.5539,51.4193],[4.5406,51.4201],[4.5215,51.4286],[4.5234,51.4384],[4.5318,51.4509],[4.5332,51.4676],[4.5252,51.4759],[4.5126,51.4774]],[[4.5126,51.4774],[4.4831,51.4743],[4.4294,51.462],[4.3771,51.4429],[4.3892,51.4346],[4.3872,51.4275],[4.3806,51.4197],[4.3799,51.4095],[4.3877,51.4005],[4.4101,51.3838],[4.4162,51.374],[4.4112,51.3567],[4.3922,51.3504]],[[5.1402,51.3074],[5.1229,51.3134],[5.1181,51.3199],[5.1078,51.342],[5.1026,51.3507],[5.0681,51.3745],[5.0617,51.3843],[5.0653,51.4059],[5.0764,51.4219],[5.0799,51.4385],[5.0603,51.462],[5.0303,51.4744],[5.0275,51.4768]],[[5.0275,51.4768],[5.0121,51.4743],[5.0061,51.4683],[5.0027,51.459],[4.9958,51.4467],[4.9802,51.4305],[4.9571,51.411],[4.9319,51.3956],[4.9103,51.3919]],[[4.7791,51.4264],[4.8227,51.4137]],[[4.9103,51.3919],[4.8717,51.403],[4.8533,51.4061],[4.7833,51.4076],[4.7621,51.4134],[4.7678,51.4254],[4.7791,51.4264]],[[4.6146,51.4176],[4.5827,51.4226]],[[4.5827,51.4226],[4.5539,51.4193]],[[4.3922,51.3504],[4.3456,51.3523],[4.3263,51.3564],[4.2901,51.3688],[4.2811,51.3689],[4.2611,51.3694]],[[5.233,51.2559],[5.2154,51.2587],[5.2149,51.2943],[5.1973,51.3083],[5.1788,51.3095]],[[5.1788,51.3095],[5.1402,51.3074]],[[5.659,51.1791],[5.6482,51.184],[5.6385,51.1909],[5.625,51.1969],[5.5684,51.2077],[5.5514,51.2168],[5.5455,51.2199],[5.5423,51.2427],[5.5352,51.262],[5.5167,51.2772],[5.4932,51.2865],[5.4716,51.2881]],[[5.4716,51.2881],[5.4519,51.2821],[5.4099,51.2635],[5.3891,51.2587]],[[5.3891,51.2587],[5.2707,51.2618]],[[5.2707,51.2618],[5.2395,51.2569],[5.233,51.2559]],[[5.7814,51.1524],[5.7681,51.1595],[5.7472,51.1776],[5.7308,51.1838],[5.718,51.1846]],[[5.718,51.1846],[5.6762,51.1792],[5.659,51.1791]],[[5.8159,51.0959],[5.8267,51.0969],[5.8368,51.0995],[5.846,51.1034],[5.8232,51.1187],[5.8264,51.1302],[5.8405,51.1389],[5.838,51.1437],[5.8291,51.1565],[5.8121,51.1573]],[[5.8121,51.1573],[5.7814,51.1524]],[[5.8049,51.0966],[5.8159,51.0959]],[[5.7913,51.055],[5.7989,51.0615],[5.8043,51.0686],[5.8118,51.0823],[5.809,51.0863],[5.8074,51.0894],[5.8049,51.0966]],[[5.7796,51.0613],[5.7913,51.055]],[[5.7224,50.9594],[5.7617,50.9992],[5.7776,51.0236],[5.764,51.0352],[5.7664,51.0484],[5.7715,51.0581],[5.7796,51.0613]],[[5.7174,50.7528],[5.7066,50.7542],[5.6884,50.7608],[5.6987,50.7838],[5.7005,50.7956],[5.6849,50.7985],[5.6633,50.8051],[5.6574,50.8076],[5.6407,50.815],[5.6245,50.8303],[5.6223,50.8527],[5.6945,50.9037],[5.706,50.9066],[5.7176,50.9092],[5.7224,50.9117],[5.7353,50.924],[5.7525,50.9472],[5.764,50.9594],[5.7543,50.9631],[5.7447,50.9632]],[[5.7447,50.9632],[5.7224,50.9594]],[[5.7932,50.7521],[5.7829,50.7567],[5.7625,50.771],[5.7524,50.7734]],[[5.7524,50.7734],[5.7436,50.7691],[5.7328,50.7589],[5.7278,50.7542],[5.7174,50.7528]],[[5.9748,50.7475],[5.9022,50.749],[5.8913,50.7512],[5.8799,50.7535]],[[5.8799,50.7535],[5.7932,50.7521]],[[5.9949,50.7499],[5.9748,50.7475]]]}},{"type":"Feature","properties":{},"geometry":{"type":"LineString","coordinates":[[9.5475,47.5345],[9.5499,47.5335]]}},{"type":"Feature","properties":{},"geometry":{"type":"MultiLineString","coordinates":[[[8.5582,47.8012],[8.5831,47.8002],[8.6016,47.7946],[8.6032,47.7873],[8.6041,47.7744],[8.6076,47.7623],[8.6174,47.7573]],[[8.4827,47.7669],[8.5365,47.7741],[8.5516,47.7793],[8.5423,47.795],[8.5582,47.8012]],[[8.6441,47.791],[8.657,47.7881],[8.6666,47.7783],[8.6745,47.7667],[8.6819,47.7587],[8.6923,47.7572]],[[8.6174,47.7573],[8.6298,47.7628],[8.635,47.7846],[8.6441,47.791]],[[8.4715,47.7671],[8.4827,47.7669]],[[8.4583,47.6399],[8.4376,47.6478],[8.412,47.661],[8.407,47.6616],[8.3913,47.6655],[8.3977,47.6763],[8.3952,47.6848],[8.391,47.6921],[8.3921,47.6995],[8.4019,47.7071],[8.4273,47.7165],[8.4379,47.7232],[8.4455,47.7432],[8.4501,47.7505],[8.4636,47.7639],[8.4715,47.7671]],[[8.7033,47.7587],[8.7131,47.7574],[8.7198,47.7473],[8.7171,47.7435],[8.7037,47.73],[8.7004,47.7235],[8.7047,47.7153],[8.7126,47.7087],[8.7151,47.7011],[8.7171,47.6946]],[[8.6923,47.7572],[8.7033,47.7587]],[[8.7707,47.7209],[8.7976,47.72],[8.8302,47.7072],[8.8561,47.6907],[8.8377,47.6878],[8.8378,47.6808],[8.8519,47.6713],[8.8527,47.6708],[8.8817,47.6561],[8.9062,47.6518]],[[8.7171,47.6946],[8.7699,47.6951],[8.7617,47.7013],[8.7707,47.7209]],[[9.0166,47.6789],[9.1281,47.6704]],[[8.9062,47.6518],[8.9454,47.6543],[8.9818,47.6622],[8.9977,47.6738],[9.0166,47.6789]],[[9.1834,47.6704],[9.1969,47.6561]],[[9.1281,47.6704],[9.1834,47.6704]],[[8.6016,47.6326],[8.6073,47.6563],[8.5982,47.6569],[8.5936,47.6582],[8.5822,47.6613],[8.5682,47.6629]],[[8.5682,47.6629],[8.5197,47.6574],[8.5047,47.6523],[8.4908,47.6456],[8.4761,47.6404],[8.4583,47.6399]],[[9.2344,47.6562],[9.2732,47.6501],[9.5475,47.5345]],[[9.1969,47.6561],[9.2344,47.6562]],[[8.5936,47.6426],[8.5945,47.641],[8.5951,47.6348],[8.6016,47.6326]],[[8.5607,47.5894],[8.5741,47.5924],[8.5763,47.595],[8.5806,47.6002],[8.5818,47.6077],[8.5813,47.6148],[8.5825,47.6216],[8.5821,47.625],[8.5797,47.6289],[8.5781,47.6335],[8.5803,47.639],[8.584,47.6411],[8.5892,47.6425],[8.5936,47.6426]],[[8.2511,47.622],[8.277,47.6166],[8.2886,47.6158],[8.2939,47.6115],[8.2993,47.6018],[8.3063,47.5922],[8.3162,47.5878],[8.3541,47.581],[8.4181,47.5808]],[[7.9122,47.5606],[8.0423,47.5606],[8.0872,47.5674],[8.097,47.5719],[8.1014,47.5762],[8.1054,47.5813],[8.1139,47.5878],[8.1221,47.5921],[8.1438,47.6001],[8.1621,47.6038],[8.1689,47.6086],[8.1738,47.6135],[8.179,47.6158],[8.233,47.622],[8.2511,47.622]],[[8.5224,47.6219],[8.5378,47.6121],[8.5496,47.5986],[8.5517,47.5969],[8.5607,47.5894]],[[8.4181,47.5808],[8.4211,47.5811],[8.4489,47.5843],[8.4501,47.589],[8.4618,47.6061],[8.4924,47.6198],[8.5224,47.6219]],[[7.6597,47.5966],[7.6465,47.5715],[7.6359,47.5646]],[[7.586,47.5846],[7.637,47.595],[7.6597,47.5966]],[[7.8197,47.5953],[7.8337,47.5905],[7.8982,47.5878],[7.9043,47.5836],[7.9075,47.5742],[7.9095,47.5648],[7.9122,47.5606]],[[7.6834,47.5443],[7.7273,47.5504],[7.7667,47.556],[7.7856,47.5632],[7.8015,47.5761],[7.8197,47.5953]],[[7.6359,47.5646],[7.6123,47.5647],[7.6097,47.5647]],[[7.6097,47.5647],[7.6469,47.5514],[7.6614,47.5462],[7.6834,47.5443]]]}},{"type":"Feature","properties":{},"geometry":{"type":"MultiLineString","coordinates":[[[6.3917,49.4667],[6.4027,49.4655],[6.4945,49.4355],[6.5117,49.4247],[6.5179,49.4164],[6.5206,49.4081],[6.5208,49.4026],[6.5188,49.4022],[6.5257,49.3955],[6.5743,49.3618],[6.5777,49.3558],[6.5734,49.3477],[6.5556,49.3472],[6.5501,49.338],[6.5564,49.3264],[6.5732,49.3131],[6.6397,49.2712],[6.6412,49.2669],[6.6392,49.2568],[6.6403,49.2528],[6.6457,49.25],[6.6595,49.2468],[6.6638,49.2439],[6.6716,49.2253],[6.6748,49.2211],[6.676,49.2189],[6.6779,49.2111],[6.6806,49.2075]],[[6.3539,49.4548],[6.3645,49.4561],[6.3835,49.4646],[6.3917,49.4667]],[[6.7025,49.2136],[6.7088,49.1978],[6.7038,49.1851],[6.701,49.1729],[6.7138,49.1589],[6.7256,49.1556],[6.7701,49.1553],[6.8091,49.1458]],[[6.6806,49.2075],[6.685,49.2078],[6.6985,49.2136],[6.7025,49.2136]],[[6.8435,49.2111],[6.8852,49.2048]],[[6.8091,49.1458],[6.8218,49.1478],[6.839,49.1628],[6.8352,49.1794],[6.8277,49.1956],[6.8335,49.2095],[6.8435,49.2111]],[[6.9144,49.2067],[6.9254,49.2056],[6.9879,49.1824],[7.0095,49.1817],[7.009,49.1464],[7.0205,49.119],[7.0425,49.1076]],[[6.8852,49.2048],[6.9144,49.2067]],[[7.3911,49.17],[7.4105,49.1689],[7.4148,49.1578],[7.458,49.1559],[7.4761,49.1515],[7.4827,49.1371],[7.4753,49.1339],[7.4728,49.1316],[7.471,49.1283],[7.4851,49.1187],[7.5077,49.0946],[7.5209,49.0837],[7.5427,49.0746],[7.5864,49.0696],[7.6086,49.062],[7.6159,49.056],[7.6257,49.043],[7.635,49.0378],[7.6449,49.0363],[7.6488,49.0357]],[[7.2744,49.105],[7.2803,49.109],[7.2908,49.1231],[7.2971,49.1281],[7.306,49.1301],[7.3265,49.1318],[7.334,49.1342],[7.3391,49.1397],[7.3463,49.1542],[7.351,49.1592],[7.3676,49.1654],[7.3716,49.1662],[7.3911,49.17]],[[7.0799,49.142],[7.0853,49.1415],[7.1236,49.1233],[7.1393,49.1179],[7.155,49.1144],[7.2412,49.1139],[7.2681,49.1056],[7.2744,49.105]],[[7.0425,49.1076],[7.0732,49.1203],[7.0748,49.1254],[7.0716,49.1306],[7.0708,49.1361],[7.0799,49.142]],[[7.7737,49.0481],[7.8569,49.0323]],[[7.7269,49.0357],[7.7391,49.0377],[7.7626,49.0462],[7.7737,49.0481]],[[7.6851,49.0428],[7.6962,49.0416],[7.7173,49.0366],[7.7269,49.0357]],[[7.6488,49.0357],[7.6608,49.0377],[7.6725,49.041],[7.6851,49.0428]],[[7.9138,49.0362],[7.9319,49.0348],[8.0904,48.9792],[8.1887,48.9657],[8.2003,48.9586],[8.1999,48.9583],[8.1793,48.9427],[8.1481,48.9037],[8.1027,48.8213],[8.0903,48.8075],[8.0842,48.8041],[8.0476,48.791],[8.0388,48.7908],[8.0366,48.7883],[8.0319,48.7853],[8.0273,48.78],[8.0251,48.7706],[8.023,48.7651],[8.0173,48.7618],[8.0096,48.7601],[7.9815,48.7598],[7.9701,48.7573],[7.9649,48.7483],[7.9636,48.7293],[7.9592,48.7214],[7.9484,48.7119],[7.9352,48.7033],[7.9233,48.6982],[7.8959,48.6765],[7.8806,48.6677],[7.8641,48.6642],[7.8524,48.6587],[7.8103,48.615],[7.8018,48.5824],[7.8017,48.5476],[7.8135,48.5263],[7.8135,48.5195],[7.7884,48.5063],[7.7765,48.4982],[7.7713,48.4891],[7.7692,48.4701],[7.7642,48.4604],[7.7576,48.4539],[7.7507,48.4444],[7.7457,48.433],[7.7383,48.4066],[7.7372,48.3935],[7.7404,48.3814],[7.7469,48.3687],[7.752,48.3553],[7.7507,48.3414],[7.737,48.3267],[7.7186,48.32],[7.7025,48.3112],[7.6955,48.2902],[7.6935,48.2699],[7.6872,48.2529],[7.6766,48.2384],[7.6134,48.1792],[7.6068,48.167],[7.6048,48.1526],[7.5997,48.1447],[7.5929,48.1387],[7.5857,48.1297],[7.5789,48.1145],[7.5726,48.095],[7.5757,48.0537],[7.6189,48.0027],[7.6211,47.9714],[7.6116,47.9594],[7.5849,47.9404],[7.5796,47.9271],[7.5808,47.9108],[7.5789,47.9063],[7.5726,47.8963],[7.5686,47.8914],[7.562,47.8871],[7.559,47.8827],[7.5579,47.8785],[7.5584,47.876],[7.5592,47.8735],[7.559,47.869],[7.5642,47.8504],[7.562,47.8392],[7.5485,47.8342],[7.5429,47.8294],[7.5286,47.797],[7.5259,47.7832],[7.5383,47.7481],[7.5378,47.7318],[7.5319,47.7252],[7.5154,47.7133],[7.5119,47.7073],[7.5147,47.6858],[7.5179,47.675],[7.5218,47.6704],[7.5366,47.6652],[7.5501,47.6524],[7.5726,47.622],[7.5786,47.6169],[7.585,47.6132],[7.5903,47.6079],[7.5925,47.5984],[7.5901,47.5948],[7.586,47.5846]],[[7.8569,49.0323],[7.9138,49.0362]]]}},{"type":"Feature","properties":{},"geometry":{"type":"LineString","coordinates":[[9.5212,47.2628],[9.5533,47.2999],[9.5874,47.3278],[9.5912,47.3347],[9.5964,47.3523],[9.601,47.3613],[9.6398,47.3945],[9.6495,47.4097],[9.6503,47.4521],[9.6217,47.4692],[9.5845,47.4807],[9.555,47.5109],[9.5531,47.5169],[9.5475,47.5345]]}},{"type":"Feature","properties":{},"geometry":{"type":"MultiLineString","coordinates":[[[9.5606,47.0524],[9.4996,47.0594],[9.477,47.0639],[9.4759,47.0732],[9.4876,47.0839],[9.5029,47.0947],[9.5124,47.108],[9.5119,47.1294],[9.5035,47.1454],[9.4926,47.1598],[9.485,47.1763],[9.4874,47.21],[9.5046,47.2437],[9.5212,47.2628]],[[9.5812,47.0569],[9.5606,47.0524]]]}},{"type":"Feature","properties":{},"geometry":{"type":"MultiLineString","coordinates":[[[7.5017,47.533],[7.4851,47.5416],[7.4827,47.5423],[7.5209,47.5634],[7.5263,47.5665],[7.5503,47.5755],[7.5855,47.5845],[7.586,47.5846]],[[7.4931,47.5155],[7.5011,47.5173],[7.5055,47.523],[7.5052,47.533]],[[7.5052,47.533],[7.5017,47.533]],[[7.4827,47.517],[7.4931,47.5155]],[[7.4674,47.4819],[7.4827,47.4913],[7.4845,47.4929],[7.4858,47.4958],[7.4859,47.4984],[7.4858,47.4988],[7.4849,47.5009],[7.4778,47.5077],[7.4756,47.5117],[7.4769,47.5149],[7.4827,47.517]],[[7.0098,47.4992],[7.0189,47.4977],[7.028,47.4929],[7.0539,47.4904]],[[6.8666,47.3542],[6.8716,47.367],[6.884,47.3826],[6.8988,47.3957],[6.9245,47.406],[6.9261,47.4249],[6.9523,47.4288],[6.9685,47.4352],[6.9834,47.4438],[6.991,47.4522],[6.9861,47.4641],[6.9758,47.478],[6.9733,47.4891],[6.9919,47.4929],[7.0008,47.4977],[7.0098,47.4992]],[[7.1037,47.4963],[7.1273,47.4929],[7.1403,47.4879],[7.1422,47.4877],[7.1537,47.4864]],[[7.0539,47.4904],[7.1037,47.4963]],[[7.426,47.4925],[7.4415,47.4888],[7.446,47.4869],[7.4545,47.4832],[7.4674,47.4819]],[[7.3785,47.4306],[7.3882,47.4333],[7.4063,47.4382],[7.4206,47.4509],[7.4261,47.4558],[7.4293,47.4651],[7.4276,47.4707],[7.4228,47.4754],[7.4195,47.4779],[7.4144,47.484],[7.4143,47.4902],[7.426,47.4925]],[[7.1808,47.4883],[7.1626,47.4599],[7.1683,47.4436],[7.19,47.4347],[7.2194,47.4285],[7.2235,47.4262],[7.2263,47.4226],[7.2303,47.419],[7.2381,47.4168]],[[7.1537,47.4864],[7.1808,47.4883]],[[7.3091,47.4327],[7.3369,47.4319],[7.3785,47.4306]],[[7.2381,47.4168],[7.2448,47.4177],[7.2826,47.4289],[7.3091,47.4327]],[[6.0619,46.2412],[6.0677,46.2416],[6.0897,46.2464],[6.094,46.253],[6.0931,46.2623],[6.0936,46.2731],[6.1007,46.3014],[6.1041,46.3092],[6.1186,46.3318],[6.1364,46.3593],[6.1351,46.3704],[6.1229,46.3855],[6.1082,46.3965],[6.059,46.4174],[6.0542,46.4194],[6.0657,46.427],[6.0676,46.4336],[6.0655,46.4404],[6.0655,46.448],[6.0648,46.4511],[6.0624,46.4552],[6.0602,46.4599],[6.0602,46.465],[6.0642,46.4711],[6.0755,46.4796],[6.1104,46.5208],[6.1457,46.5516],[6.1215,46.5703],[6.1184,46.5835],[6.1319,46.5956],[6.2663,46.6804],[6.3379,46.7074],[6.3479,46.7132],[6.3742,46.7336],[6.4074,46.7457],[6.4179,46.7511],[6.4292,46.7608],[6.433,46.7691],[6.4326,46.786],[6.4252,46.7916],[6.4199,46.7965],[6.4171,46.8022],[6.4186,46.807],[6.4343,46.8395],[6.4412,46.8481],[6.4431,46.8515],[6.4468,46.8577],[6.4484,46.8716],[6.4452,46.8826],[6.4319,46.9],[6.4278,46.9091],[6.4426,46.9442],[6.4911,46.9634],[6.5987,46.9865],[6.6654,47.0213],[6.6883,47.0438],[6.6763,47.0624],[6.6897,47.0783],[6.6991,47.0846],[6.7242,47.0908],[6.7279,47.0971],[6.7317,47.0989],[6.746,47.1039],[6.7448,47.1211],[6.7748,47.1282],[6.8381,47.1681],[6.8403,47.1695],[6.8593,47.1909],[6.8883,47.2113],[6.9562,47.2452],[6.9522,47.27],[6.9586,47.2906],[6.9774,47.3037],[6.9865,47.3045],[6.9919,47.306],[7.0065,47.3194],[7.0169,47.3235],[7.0271,47.3254],[7.0366,47.3295],[7.0443,47.3405],[7.0339,47.3507],[7.0189,47.3599],[7.004,47.3681]],[[7.004,47.3681],[6.9856,47.3621],[6.8666,47.3542]],[[6.8486,46.085],[6.8531,46.0902],[6.8612,46.097],[6.8682,46.1047],[6.8692,46.1123],[6.8539,46.1226],[6.7743,46.1348],[6.7657,46.1516],[6.7749,46.1859],[6.7922,46.2217],[6.8277,46.2695],[6.8049,46.2966],[6.7695,46.3227],[6.7504,46.3455],[6.7557,46.3571],[6.7821,46.3785],[6.7892,46.3952],[6.7881,46.405],[6.7871,46.4142],[6.7778,46.4241],[6.7777,46.4241],[6.7627,46.4293],[6.6137,46.4559],[6.547,46.4574]],[[6.547,46.4574],[6.4829,46.4486],[6.3977,46.4082],[6.3652,46.4024],[6.3324,46.4014],[6.3016,46.3945],[6.2691,46.375],[6.2406,46.349],[6.2195,46.3291],[6.2141,46.3155],[6.2183,46.3055],[6.2275,46.2885],[6.228,46.2845],[6.2376,46.2679],[6.2418,46.2637],[6.2523,46.2599]],[[6.269,46.2652],[6.276,46.2631],[6.2812,46.2401],[6.2554,46.2211],[6.1914,46.1917],[6.1403,46.1502],[6.1079,46.1386]],[[6.2523,46.2599],[6.269,46.2652]],[[6.0462,46.2435],[6.048,46.2434],[6.0559,46.2417],[6.0619,46.2412]],[[5.9588,46.1305],[5.9722,46.1522],[5.9798,46.1622],[5.9829,46.1708],[5.9652,46.1862],[5.9548,46.1999],[5.9585,46.212],[5.9829,46.2227],[6.0429,46.2431],[6.0445,46.2434],[6.0462,46.2435]],[[6.1079,46.1386],[6.0739,46.1492]],[[6.0739,46.1492],[6.0283,46.1479],[5.9829,46.1404],[5.9588,46.1305]],[[6.8692,46.0441],[6.8597,46.045],[6.8509,46.0496],[6.8503,46.0527],[6.8524,46.0569],[6.852,46.0647],[6.8534,46.0657],[6.8531,46.0761],[6.8513,46.086]],[[6.8513,46.086],[6.8486,46.085]],[[7.0221,45.9253],[7.0152,45.9333],[7.0098,45.9434],[7.0028,45.9617],[6.9913,45.9825],[6.9877,45.9931],[6.9828,45.9954],[6.9151,46.0486],[6.8924,46.0556]],[[6.8924,46.0556],[6.884,46.0532],[6.8769,46.0481],[6.8692,46.0441]]]}},{"type":"Feature","properties":{},"geometry":{"type":"LineString","coordinates":[[-7.2704,38.6177],[-7.2735,38.6254],[-7.2794,38.6289],[-7.286,38.6319],[-7.2909,38.6382],[-7.2925,38.6461],[-7.293,38.6563],[-7.2909,38.6791],[-7.2841,38.7132],[-7.2807,38.7204],[-7.2722,38.7337],[-7.2704,38.7375],[-7.2259,38.7661],[-7.2115,38.7754],[-7.1964,38.78],[-7.1797,38.7909],[-7.1662,38.8034],[-7.1606,38.8129],[-7.151,38.8193],[-7.1049,38.8272]]}},{"type":"Feature","properties":{},"geometry":{"type":"MultiLineString","coordinates":[[[13.7836,48.7153],[13.7859,48.7248],[13.8157,48.7664]],[[13.7373,48.5593],[13.7581,48.5615],[13.766,48.5638],[13.7743,48.5692],[13.779,48.5739],[13.7962,48.5986],[13.8024,48.6117],[13.8055,48.6261],[13.8062,48.6429],[13.8009,48.6752],[13.8035,48.6872],[13.8169,48.6956],[13.8044,48.6996],[13.7994,48.7026],[13.7888,48.7165]],[[13.7888,48.7165],[13.7836,48.7153]],[[13.5207,48.5846],[13.6244,48.5654],[13.6418,48.5591],[13.6581,48.5511],[13.6734,48.5355],[13.7143,48.5232],[13.7165,48.5217]],[[12.758,48.1219],[12.7641,48.1238],[12.7783,48.1387],[12.7824,48.142],[12.8221,48.1607],[12.8352,48.1707],[12.8535,48.19],[12.8626,48.1966],[12.8776,48.202],[12.933,48.2093],[12.9317,48.2116],[12.9472,48.22],[12.9794,48.232],[13.0167,48.2559],[13.0328,48.2636],[13.1364,48.2911],[13.2742,48.3071],[13.3078,48.3196],[13.4056,48.3766],[13.4195,48.3922],[13.4252,48.4134],[13.4272,48.4185],[13.4317,48.4237],[13.4362,48.4306],[13.4382,48.441],[13.4364,48.4692],[13.4382,48.4785],[13.443,48.4877],[13.4564,48.5067],[13.4592,48.5164],[13.457,48.5252],[13.4477,48.5348],[13.4437,48.5529],[13.4407,48.5573],[13.4401,48.561],[13.4456,48.5679],[13.4546,48.5734],[13.4872,48.5816],[13.5207,48.5846]],[[13.7339,48.5598],[13.7373,48.5593]],[[13.7165,48.5217],[13.7254,48.5484],[13.7339,48.5598]],[[12.7514,48.1221],[12.758,48.1219]],[[12.964,47.7054],[12.9083,47.7124],[12.892,47.7235],[12.9106,47.7429],[12.9108,47.743],[12.9108,47.7431],[12.9172,47.7502],[12.919,47.7568],[12.9193,47.7632],[12.9213,47.7695],[12.9267,47.7774],[12.9912,47.8471],[12.9866,47.8503],[12.965,47.872],[12.9311,47.9249],[12.9142,47.936],[12.9062,47.9389],[12.886,47.9529],[12.862,47.9626],[12.854,47.9705],[12.8486,47.9809],[12.8482,47.9824],[12.8456,47.9931],[12.8306,48.0155],[12.7602,48.0649],[12.7509,48.0747],[12.742,48.0868],[12.737,48.1],[12.7389,48.1134],[12.745,48.1206],[12.7514,48.1221]],[[12.2422,47.732],[12.2391,47.7275],[12.2365,47.7168],[12.233,47.7089],[12.2266,47.7029],[12.2233,47.6959],[12.2288,47.6849],[12.2387,47.6789]],[[12.1656,47.604],[12.1736,47.6051],[12.2021,47.6298],[12.2057,47.6362],[12.2068,47.6456],[12.2051,47.6723],[12.2023,47.6778],[12.1973,47.6801],[12.1891,47.6856],[12.1818,47.6921],[12.1786,47.6977],[12.1766,47.7058],[12.1924,47.7102],[12.2165,47.7237],[12.2252,47.7274],[12.2397,47.7317],[12.2422,47.732]],[[13.0409,47.5834],[13.0571,47.5977],[13.0577,47.6004],[13.0696,47.6202],[13.072,47.6224],[13.0742,47.6345],[13.0748,47.6467],[13.072,47.6595],[13.0641,47.674],[13.0446,47.6966],[13.0323,47.7066],[13.0199,47.7129],[13.0044,47.7146]],[[13.0044,47.7146],[12.979,47.7071],[12.964,47.7054]],[[12.4077,47.6937],[12.4241,47.6916],[12.4288,47.6858],[12.4392,47.6645],[12.4447,47.6563],[12.4528,47.6498],[12.4825,47.6336],[12.4966,47.6289],[12.5171,47.6285]],[[12.3515,47.6817],[12.3684,47.6836],[12.4077,47.6937]],[[12.2937,47.69],[12.3515,47.6817]],[[12.2387,47.6789],[12.2496,47.68],[12.2719,47.6879],[12.2937,47.69]],[[12.6887,47.6751],[12.7448,47.6654]],[[12.5171,47.6285],[12.5382,47.6313],[12.5538,47.636],[12.5634,47.6418],[12.5984,47.6629],[12.6174,47.6693],[12.6531,47.6751],[12.6887,47.6751]],[[12.762,47.6669],[12.7517,47.6494],[12.7674,47.6364],[12.7933,47.6248],[12.8132,47.6118],[12.7859,47.6027],[12.7737,47.5795],[12.7789,47.5548],[12.8036,47.5413],[12.819,47.5395],[12.8284,47.5373],[12.8369,47.5327],[12.8826,47.4986],[12.9316,47.4735],[12.9425,47.4705]],[[12.7448,47.6654],[12.762,47.6669]],[[11.9359,47.6107],[12.1656,47.604]],[[11.8203,47.5753],[11.8307,47.5776],[11.8407,47.5946],[11.852,47.5992],[11.9359,47.6107]],[[11.6205,47.5897],[11.639,47.5892],[11.6826,47.5834],[11.764,47.5831],[11.8203,47.5753]],[[11.4826,47.5026],[11.5295,47.5079],[11.5512,47.5137],[11.5694,47.5274],[11.5745,47.5366],[11.5823,47.5598],[11.5891,47.5704],[11.617,47.5868],[11.6205,47.5897]],[[9.7821,47.5884],[9.7963,47.585],[9.808,47.5763],[9.8113,47.5645],[9.8093,47.5523],[9.8131,47.5418],[9.8335,47.5346]],[[9.6126,47.5219],[9.6767,47.5226],[9.704,47.5314],[9.7185,47.5467],[9.7309,47.5649],[9.7527,47.5821],[9.7671,47.5873],[9.7821,47.5884]],[[13.0383,47.584],[13.0409,47.5834]],[[13.0391,47.5613],[13.0383,47.584]],[[10.4536,47.5811],[10.4571,47.5792],[10.4616,47.5699],[10.4603,47.566],[10.4555,47.5612],[10.4517,47.5548],[10.4535,47.5462],[10.4588,47.5416],[10.4669,47.5377],[10.4825,47.5329],[10.5251,47.5285]],[[10.1599,47.2711],[10.175,47.2724],[10.2394,47.2777],[10.2612,47.2835],[10.3059,47.3022],[10.3254,47.3143],[10.3434,47.3308],[10.3657,47.3611],[10.3716,47.3674],[10.382,47.3721],[10.4031,47.3771],[10.4116,47.381],[10.4283,47.396],[10.4429,47.4163],[10.452,47.4388],[10.4517,47.4602],[10.4476,47.4726],[10.4422,47.4814],[10.4337,47.4879],[10.4196,47.493],[10.4297,47.5329],[10.431,47.5422],[10.4244,47.5534],[10.4157,47.5644],[10.4142,47.573],[10.4292,47.577],[10.446,47.5791],[10.4536,47.5811]],[[10.5837,47.5625],[10.6079,47.5623],[10.7399,47.5285],[10.7439,47.5253],[10.7472,47.5202],[10.7522,47.5154],[10.7608,47.5136]],[[10.5251,47.5285],[10.5369,47.5299],[10.5496,47.5368],[10.5699,47.5559],[10.5837,47.5625]],[[12.9911,47.4657],[13.0019,47.466],[13.0088,47.4701],[13.0373,47.493],[13.037,47.5014],[13.0344,47.5074],[13.0312,47.5126],[13.029,47.518],[13.0281,47.5242],[13.0281,47.5416],[13.0306,47.5443],[13.0401,47.5605],[13.0413,47.5619]],[[13.0413,47.5619],[13.0391,47.5613]],[[9.8589,47.5413],[9.889,47.5338],[9.9188,47.5322]],[[9.8335,47.5346],[9.8415,47.535],[9.8538,47.5404],[9.8589,47.5413]],[[9.9459,47.5408],[9.9487,47.5242],[9.9592,47.5149],[9.9717,47.5064],[9.9808,47.4929],[9.9808,47.4899],[9.9811,47.4869],[9.9826,47.481],[9.9936,47.4766]],[[9.9188,47.5322],[9.9338,47.5342],[9.9459,47.5408]],[[9.5499,47.5335],[9.5541,47.5327],[9.6126,47.5219]],[[10.8448,47.5313],[10.8586,47.5307],[10.8693,47.5266],[10.8922,47.5149],[10.8839,47.508],[10.8516,47.4931],[10.8584,47.4852],[10.9099,47.469],[10.9598,47.4325],[10.9628,47.428],[10.9631,47.4212],[10.9609,47.4143],[10.9577,47.4097],[10.9553,47.4096],[10.9655,47.3961],[10.9795,47.3905],[11.0837,47.3895]],[[10.7608,47.5136],[10.7903,47.5161],[10.8306,47.5286],[10.8448,47.5313]],[[11.4354,47.5097],[11.46,47.5074],[11.4826,47.5026]],[[11.237,47.394],[11.2588,47.4007],[11.2731,47.4111],[11.2863,47.4232],[11.3056,47.4354],[11.3242,47.4394],[11.3677,47.4401],[11.3839,47.4449],[11.3925,47.4548],[11.3886,47.4622],[11.3778,47.4671],[11.3655,47.4693],[11.4126,47.5061],[11.4354,47.5097]],[[10.0226,47.488],[10.0718,47.4391],[10.0806,47.4274],[10.076,47.4169],[10.0532,47.4049],[10.0642,47.3962],[10.0669,47.3858],[10.0678,47.375],[10.0732,47.3655],[10.0829,47.3591]],[[9.9936,47.4766],[10.0024,47.4792],[10.0113,47.4844],[10.0226,47.488]],[[12.9697,47.4757],[12.9793,47.4722],[12.9849,47.4683],[12.9911,47.4657]],[[12.9425,47.4705],[12.951,47.4725],[12.9593,47.4755],[12.9697,47.4757]],[[11.1938,47.4289],[11.2152,47.423],[11.213,47.3958],[11.237,47.394]],[[11.0837,47.3895],[11.1033,47.3936],[11.1686,47.4243],[11.1938,47.4289]],[[10.1909,47.3792],[10.2093,47.3725],[10.2086,47.3545],[10.1905,47.3175],[10.1927,47.3109],[10.1933,47.3049],[10.1908,47.2983],[10.1859,47.295],[10.1727,47.2923],[10.1687,47.2904],[10.1595,47.2791],[10.1554,47.2729],[10.1599,47.2711]],[[10.1308,47.3627],[10.1351,47.3649],[10.147,47.3738],[10.1909,47.3792]],[[10.1104,47.3674],[10.1153,47.367],[10.1257,47.3627],[10.1308,47.3627]],[[10.0829,47.3591],[10.0896,47.3593],[10.0972,47.3631],[10.1104,47.3674]]]}},{"type":"Feature","properties":{},"geometry":{"type":"MultiLineString","coordinates":[[[16.094,46.8628],[16.0529,46.8461],[16.032,46.8376],[16.0284,46.8369],[15.9876,46.83],[15.9817,46.8277],[15.972,46.8206],[15.9729,46.8184],[15.9774,46.8162],[15.9782,46.8091],[15.9713,46.7781],[15.971,46.7751],[15.9697,46.7605],[15.9705,46.743],[15.982,46.7185],[16.0033,46.7092],[16.0146,46.6937],[16.0167,46.6707],[16.0167,46.6706]],[[16.0167,46.6706],[16.0166,46.6708],[15.9979,46.6869],[15.987,46.6922],[15.9463,46.6972],[15.8785,46.7207],[15.8507,46.7245]],[[15.8507,46.7245],[15.8229,46.7228],[15.7846,46.7122],[15.7551,46.704],[15.7287,46.703]],[[15.7287,46.703],[15.6521,46.7108],[15.636,46.7176]],[[15.636,46.7176],[15.6329,46.7025],[15.633,46.6896],[15.627,46.6809],[15.6217,46.6782],[15.6166,46.6756],[15.6037,46.673]],[[15.6037,46.673],[15.5886,46.676]],[[15.5886,46.676],[15.5673,46.6758],[15.546,46.6719],[15.5307,46.6638],[15.5208,46.6496],[15.5203,46.6477],[15.5176,46.6382],[15.5139,46.6325],[15.5112,46.6284],[15.4926,46.6183],[15.4627,46.6146]],[[15.2049,46.639],[15.1726,46.6414],[15.1056,46.6463],[15.0857,46.6478],[15.062,46.6496]],[[15.062,46.6496],[15.0044,46.6368],[14.9672,46.6003]],[[15.4627,46.6146],[15.44,46.6244],[15.4354,46.6272],[15.4176,46.638],[15.3881,46.6456]],[[15.3881,46.6456],[15.3328,46.6436],[15.2049,46.639]],[[14.9672,46.6003],[14.948,46.6193],[14.9336,46.6211]],[[14.9336,46.6211],[14.9195,46.615],[14.8977,46.6056],[14.8941,46.6052],[14.8771,46.6036]],[[14.8771,46.6036],[14.863,46.6048]],[[14.863,46.6048],[14.8504,46.6011],[14.8336,46.5844],[14.8223,46.5675],[14.8145,46.5513],[14.8072,46.536],[14.7967,46.5194],[14.7886,46.5066],[14.783,46.5033],[14.7609,46.4963],[14.7353,46.4933]],[[13.7821,46.5078],[13.7161,46.5189],[13.701,46.5197]],[[13.9988,46.4805],[13.9823,46.4819],[13.8909,46.5118],[13.8607,46.5153]],[[13.8607,46.5153],[13.7958,46.5079],[13.7821,46.5078]],[[14.7353,46.4933],[14.7264,46.4977]],[[14.7264,46.4977],[14.7097,46.4925],[14.7037,46.4878],[14.6988,46.481],[14.6871,46.4712],[14.68,46.4589]],[[14.3622,46.4359],[14.2423,46.4382],[14.1499,46.4401],[14.1479,46.4404],[14.1373,46.4424],[14.081,46.476],[14.0664,46.481],[14.05,46.4844],[14.0325,46.4847]],[[14.0325,46.4847],[14.0149,46.4825],[13.9988,46.4805]],[[14.68,46.4589],[14.6725,46.4598],[14.6666,46.4605]],[[14.6666,46.4605],[14.6621,46.4597],[14.642,46.4452],[14.6317,46.4406],[14.6216,46.4385],[14.5999,46.4372],[14.5901,46.4344],[14.5754,46.4197],[14.567,46.4004],[14.5621,46.3917],[14.5577,46.3839],[14.5403,46.3786]],[[14.4677,46.4127],[14.4509,46.4145],[14.4371,46.4189],[14.42,46.4244],[14.4144,46.429],[14.4112,46.4346],[14.4065,46.4393],[14.3958,46.441]],[[14.3958,46.441],[14.3622,46.4359]],[[14.5403,46.3786],[14.5271,46.3882],[14.5158,46.4054],[14.5022,46.4184]],[[14.5022,46.4184],[14.4677,46.4127]]]}},{"type":"Feature","properties":{},"geometry":{"type":"MultiLineString","coordinates":[[[19.0002,43.5479],[19.0143,43.5378],[19.025,43.523],[19.0381,43.511],[19.055,43.5067]],[[18.9463,43.4439],[18.9464,43.4491],[18.9507,43.4573],[18.9512,43.4638],[18.9379,43.4789],[18.9307,43.4823],[18.9153,43.4854],[18.9056,43.4906],[18.9051,43.4991],[18.911,43.5073],[18.9205,43.5122],[18.9389,43.5189],[18.9627,43.5383],[18.9775,43.5462],[19.0002,43.5479]],[[19.1477,43.5381],[19.1953,43.5328]],[[19.055,43.5067],[19.0764,43.5072],[19.096,43.5129],[19.1228,43.5359],[19.1477,43.5381]],[[18.9925,43.2671],[19.0029,43.2739],[19.0109,43.2823],[19.0172,43.2912],[19.0225,43.2965],[19.0247,43.2987],[19.0363,43.3033],[19.0625,43.3044],[19.0697,43.3088],[19.0396,43.3507],[19.0099,43.411],[18.9753,43.4443],[18.9683,43.4481]],[[18.9683,43.4481],[18.9463,43.4439]],[[18.8991,43.3519],[18.9234,43.3468],[18.9503,43.3331],[18.9573,43.3259],[18.9579,43.319],[18.9571,43.3118],[18.9595,43.3035],[18.9686,43.2922],[18.9889,43.2729],[18.9895,43.272],[18.9925,43.2671]],[[18.639,43.0202],[18.6211,43.0964],[18.6206,43.1226],[18.6211,43.1246],[18.6291,43.1549],[18.6453,43.1802],[18.6884,43.2245],[18.6643,43.2332],[18.6795,43.2495],[18.8072,43.318],[18.8335,43.3242],[18.8303,43.3282],[18.8246,43.3374],[18.8212,43.3414],[18.8396,43.3478],[18.8991,43.3519]],[[18.5984,43.0245],[18.639,43.0202]],[[18.4818,42.5637],[18.4921,42.5648],[18.4959,42.5709],[18.4937,42.5798],[18.4867,42.5898],[18.5068,42.5985],[18.5172,42.603],[18.5384,42.6183],[18.5428,42.6264],[18.5496,42.6389],[18.55,42.6681],[18.5397,42.6955],[18.5225,42.7119],[18.5022,42.7274],[18.4674,42.7692],[18.4539,42.7932],[18.4446,42.8171],[18.4437,42.8345],[18.4535,42.8457],[18.466,42.8528],[18.4733,42.8626],[18.4676,42.8817],[18.444,42.9169],[18.434,42.9369],[18.4335,42.9542],[18.4528,42.9934],[18.483,43.0146],[18.539,43.0239],[18.5984,43.0245]],[[18.459,42.5697],[18.4705,42.5691],[18.4818,42.5637]],[[18.4374,42.5592],[18.4477,42.5662],[18.459,42.5697]]]}},{"type":"Feature","properties":{},"geometry":{"type":"MultiLineString","coordinates":[[[16.9473,45.2357],[16.9415,45.2412],[16.9421,45.2498],[16.9407,45.2578],[16.9326,45.2788],[16.9244,45.2845]],[[16.9244,45.2845],[16.897,45.2681],[16.894,45.2635],[16.8858,45.2552],[16.8754,45.247],[16.8673,45.2434],[16.8617,45.2322],[16.8519,45.2274],[16.8408,45.224],[16.8307,45.217],[16.8251,45.205],[16.8258,45.1964],[16.8242,45.1891],[16.8117,45.1812],[16.7863,45.1788]],[[16.9987,45.2314],[16.9881,45.2365],[16.9759,45.2472],[16.9612,45.2509]],[[16.9612,45.2509],[16.9653,45.2442],[16.968,45.2373],[16.9473,45.2357]],[[17.0083,45.2162],[17.0125,45.2245],[17.0136,45.2306],[17.012,45.2365],[17.0083,45.2442]],[[17.0083,45.2442],[16.9987,45.2314]],[[17.1871,45.1486],[17.1246,45.1691],[17.0984,45.1777],[17.0557,45.2004],[17.0363,45.2305]],[[17.0363,45.2305],[17.0302,45.227],[17.0144,45.2198],[17.0083,45.2162]],[[16.7863,45.1788],[16.587,45.2209],[16.5289,45.2223]],[[16.5289,45.2223],[16.4819,45.1995],[16.4492,45.1481],[16.4355,45.1329],[16.4248,45.1273],[16.3985,45.1214],[16.3892,45.1168],[16.3818,45.1076],[16.382,45.102],[16.384,45.0954],[16.382,45.0837],[16.3773,45.0756],[16.357,45.0486],[16.346,45.02],[16.3406,45.0059],[16.3162,45.0012]],[[16.3162,45.0012],[16.2793,45.0072],[16.2412,45.019],[16.213,45.0315],[16.1215,45.0962],[16.1041,45.1125],[16.0828,45.1516],[16.0675,45.1696],[16.055,45.1764],[16.0331,45.1797],[16.0244,45.1843],[16.025,45.1889],[16.0287,45.1963],[16.0292,45.205],[16.0204,45.2139],[16.0085,45.2182],[15.9975,45.2185]],[[15.9975,45.2185],[15.9746,45.2154]],[[15.9746,45.2154],[15.8789,45.2172]],[[15.8789,45.2172],[15.8248,45.211],[15.8026,45.1965],[15.7923,45.1898],[15.781,45.168],[15.78,45.1603],[15.7838,45.1009],[15.7794,45.0854],[15.756,45.0422],[15.7556,45.0236],[15.7674,44.9932],[15.7636,44.9756],[15.7388,44.9449],[15.7341,44.9344],[15.7309,44.9272],[15.7343,44.9021],[15.748,44.882],[15.764,44.864],[15.7734,44.845],[15.7687,44.8273],[15.7512,44.8216],[15.7306,44.817],[15.7161,44.8032],[15.7173,44.7865],[15.7285,44.7691],[15.7537,44.7393],[15.7593,44.7342],[15.7828,44.7226],[15.7905,44.7134],[15.797,44.7033],[15.8057,44.6967]],[[17.3824,45.1396],[17.3686,45.1451],[17.3594,45.1507],[17.3265,45.1659],[17.3078,45.1714],[17.269,45.1895]],[[17.269,45.1895],[17.2497,45.1599],[17.2455,45.1554],[17.1978,45.153],[17.1871,45.1486]],[[17.8357,45.0644],[17.8156,45.0702],[17.7975,45.082],[17.7414,45.1333],[17.7145,45.152],[17.6847,45.164],[17.6516,45.1654]],[[17.6516,45.1654],[17.63,45.1573],[17.5931,45.1296],[17.5724,45.1204],[17.5614,45.1194]],[[17.4604,45.1313],[17.4478,45.1343],[17.455,45.1406],[17.4581,45.1461],[17.457,45.1518],[17.4512,45.1585],[17.4433,45.1621]],[[17.4433,45.1621],[17.4388,45.1581],[17.4362,45.1519],[17.4341,45.1486],[17.4008,45.141],[17.3824,45.1396]],[[18.5411,45.0553],[18.517,45.0559],[18.4908,45.0628],[18.4817,45.0669],[18.4661,45.074],[18.4518,45.085],[18.4293,45.1022],[18.412,45.1124],[18.3929,45.1186],[18.3223,45.1229],[18.3074,45.1275],[18.262,45.1507],[18.2379,45.1575]],[[18.2379,45.1575],[18.2133,45.1538],[18.2023,45.1441],[18.2001,45.1316],[18.1993,45.119],[18.1925,45.1085],[18.1749,45.1008],[18.1537,45.0976]],[[18.1537,45.0976],[18.1437,45.0977],[18.1318,45.0979],[18.1124,45.1006],[18.0903,45.108],[18.035,45.1433],[18.0191,45.1494]],[[18.0191,45.1494],[18.0035,45.1493],[17.9885,45.1438],[17.9277,45.092],[17.9112,45.0811],[17.9026,45.0778],[17.8752,45.074],[17.8457,45.0653],[17.8357,45.0644]],[[17.4819,45.1144],[17.487,45.1209],[17.4962,45.1417]],[[17.4962,45.1417],[17.4723,45.1328],[17.4604,45.1313]],[[17.5614,45.1194],[17.5395,45.121]],[[17.5395,45.121],[17.4893,45.1163],[17.4819,45.1144]],[[18.6487,45.0627],[18.6405,45.0654],[18.6336,45.072],[18.6279,45.08],[18.6211,45.0931],[18.6167,45.0977],[18.6091,45.1001]],[[18.6091,45.1001],[18.6025,45.0993],[18.5886,45.0932],[18.5818,45.0914]],[[18.5818,45.0914],[18.5738,45.0916],[18.5577,45.0944],[18.5496,45.0948]],[[18.5496,45.0948],[18.5349,45.0904],[18.5348,45.0884],[18.5344,45.0815],[18.5393,45.0693],[18.5411,45.0553]],[[18.8896,44.8612],[18.8587,44.8685],[18.8421,44.8762],[18.8178,44.8875],[18.7834,44.9137],[18.7726,44.9425],[18.7799,44.9522],[18.8016,44.964],[18.8046,44.9738],[18.803,44.9773],[18.798,44.9822],[18.7958,44.9851],[18.7952,44.988],[18.7952,44.9933],[18.7946,44.9954],[18.7918,45.0015],[18.789,45.0057],[18.7849,45.0085],[18.778,45.0103],[18.7501,45.0122],[18.7383,45.0159],[18.7263,45.0261],[18.689,45.0802],[18.6841,45.0848],[18.6782,45.0874]],[[18.6782,45.0874],[18.6713,45.0869],[18.6661,45.083],[18.6633,45.0771],[18.6612,45.0711],[18.6581,45.0663],[18.6487,45.0627]],[[19.0158,44.8656],[19.005,44.8633],[18.8896,44.8612]],[[15.8763,44.7248],[15.8888,44.7242],[15.8956,44.7186],[15.8993,44.7092],[15.902,44.6988],[15.9054,44.6901],[15.9131,44.6845]],[[15.8057,44.6967],[15.8204,44.6983],[15.83,44.7005],[15.8478,44.7015],[15.8564,44.7036],[15.8639,44.71],[15.8692,44.7186],[15.8763,44.7248]],[[15.9298,44.6895],[15.9374,44.689],[15.9481,44.6781],[15.9556,44.6532],[15.969,44.6392],[15.9791,44.6344],[15.9916,44.6314],[16.016,44.629],[16.0283,44.6247],[16.0362,44.6153],[16.0411,44.6028],[16.0447,44.5894],[16.0432,44.5884],[16.0349,44.5854],[16.0305,44.5722],[16.0139,44.557],[16.0061,44.541],[16.0266,44.5252],[16.0473,44.5233]],[[15.9131,44.6845],[15.9215,44.6861],[15.9298,44.6895]],[[16.0837,44.5349],[16.1049,44.5324],[16.1165,44.5215],[16.1231,44.5039],[16.1283,44.4843],[16.1529,44.4351],[16.1597,44.4161],[16.1599,44.4007],[16.1539,44.3936],[16.1454,44.3896],[16.1388,44.3854],[16.1383,44.3776]],[[16.0473,44.5233],[16.0837,44.5349]],[[16.142,44.3808],[16.1532,44.3804],[16.1713,44.3771],[16.1921,44.3674],[16.2029,44.3598],[16.2056,44.3505],[16.2059,44.3498],[16.2032,44.3331],[16.1997,44.3247],[16.1895,44.3085],[16.1866,44.2976],[16.1876,44.2824],[16.1971,44.2512],[16.2158,44.2082],[16.2321,44.191],[16.2755,44.1574],[16.29,44.1391],[16.3122,44.1],[16.3269,44.0824],[16.3461,44.0685],[16.3574,44.0622],[16.3672,44.0581],[16.3779,44.0574]],[[16.1383,44.3776],[16.142,44.3808]],[[16.404,44.0588],[16.414,44.0558],[16.4269,44.0405],[16.4315,44.0258],[16.4396,44.014],[16.4835,44.0025],[16.501,43.9927],[16.5165,43.9795],[16.5274,43.9679],[16.5558,43.9375],[16.6048,43.9011],[16.6374,43.8684],[16.6786,43.8407],[16.6861,43.8261],[16.6898,43.8093],[16.6982,43.7881],[16.7126,43.7715],[16.8238,43.7073],[16.9819,43.5897],[17.0305,43.5485],[17.0623,43.5277],[17.0846,43.5132],[17.1428,43.4893],[17.2395,43.4784],[17.2705,43.4632],[17.2864,43.4374],[17.2676,43.3533],[17.2899,43.3034],[17.3287,43.2604],[17.3694,43.2326],[17.3897,43.2231],[17.4002,43.216],[17.4068,43.2054],[17.4152,43.185],[17.4268,43.1657],[17.4421,43.1524],[17.4509,43.1482],[17.5874,43.0821],[17.598,43.0729],[17.6284,43.0466],[17.659,42.9937],[17.6591,42.9936],[17.6592,42.9934],[17.6593,42.9934],[17.6627,42.9657],[17.6345,42.9504],[17.5807,42.9421]],[[16.3779,44.0574],[16.404,44.0588]]]}},{"type":"Feature","properties":{},"geometry":{"type":"MultiLineString","coordinates":[[[19.2019,44.9084],[19.1969,44.9132],[19.1932,44.9215],[19.1869,44.9275]],[[19.1869,44.9275],[19.1743,44.9254],[19.0846,44.879],[19.0684,44.8748],[19.0478,44.8727],[19.0158,44.8656]],[[19.2838,44.9084],[19.2395,44.9151]],[[19.2395,44.9151],[19.2296,44.9137],[19.2119,44.9084],[19.2019,44.9084]],[[19.3401,44.8962],[19.3302,44.8987],[19.3102,44.9124]],[[19.3102,44.9124],[19.3013,44.9124],[19.293,44.9094],[19.2838,44.9084]],[[19.2637,44.2702],[19.2495,44.2707],[19.2407,44.2727],[19.22,44.2802],[19.1772,44.287],[19.157,44.2936],[19.1389,44.3093],[19.1167,44.3437],[19.1089,44.3637],[19.1072,44.3827],[19.1158,44.4036],[19.1296,44.4162],[19.1414,44.4308],[19.1434,44.4582],[19.1273,44.5026],[19.1299,44.5183],[19.1653,44.5267],[19.1731,44.5314],[19.1796,44.5383],[19.1853,44.5462],[19.1873,44.5533],[19.1863,44.5693],[19.1883,44.576],[19.1933,44.5806],[19.2041,44.5851],[19.2087,44.5884],[19.2557,44.6456],[19.2701,44.6756],[19.2776,44.6849],[19.2883,44.693],[19.3084,44.7051],[19.318,44.7155],[19.3284,44.734],[19.3637,44.8546],[19.3678,44.8593],[19.3731,44.8603],[19.3766,44.863],[19.3757,44.8731],[19.3728,44.8814],[19.3687,44.8871],[19.3628,44.8911],[19.357,44.8959],[19.3532,44.899]],[[19.3532,44.899],[19.353,44.8981],[19.3503,44.897],[19.3401,44.8962]],[[19.4426,44.1432],[19.4355,44.1461],[19.4249,44.1538],[19.3812,44.1771],[19.3624,44.1912],[19.3561,44.204],[19.354,44.2243],[19.3416,44.2458],[19.3243,44.264],[19.3074,44.2742],[19.2959,44.2758]],[[19.2959,44.2758],[19.2637,44.2702]],[[19.5802,44.0515],[19.5709,44.0569],[19.5546,44.0713],[19.522,44.085],[19.5162,44.0912],[19.4982,44.1102],[19.4827,44.1207],[19.4764,44.127],[19.4742,44.1449],[19.4657,44.1528]],[[19.4657,44.1528],[19.4597,44.1527],[19.4485,44.1444],[19.4426,44.1432]],[[19.5041,43.9757],[19.5286,43.9772],[19.5522,43.9834],[19.5934,44.0056],[19.6104,44.0193],[19.6189,44.0357],[19.6114,44.0545],[19.5989,44.0626]],[[19.5989,44.0626],[19.5899,44.0603],[19.5838,44.0543],[19.5802,44.0515]],[[19.2873,44.013],[19.3006,44.0095],[19.3259,43.9966],[19.3517,43.9791],[19.3646,43.9733]],[[19.4817,43.5608],[19.4896,43.5644],[19.4918,43.5686],[19.489,43.5732],[19.4817,43.5781],[19.4769,43.5887],[19.4756,43.6026],[19.4775,43.617],[19.4817,43.6289],[19.5074,43.6472],[19.5057,43.6736],[19.4817,43.7292],[19.4617,43.7621],[19.3595,43.8422],[19.3059,43.9047],[19.2754,43.9333],[19.241,43.9524],[19.2293,43.9577],[19.2407,43.9657],[19.2429,43.9728],[19.2381,43.9854],[19.238,43.9925],[19.2435,44.002],[19.2521,44.0075],[19.2728,44.0124],[19.2873,44.013]],[[19.4471,43.9798],[19.5041,43.9757]],[[19.3646,43.9733],[19.3791,43.9739],[19.394,43.9771],[19.4471,43.9798]],[[19.3466,43.6088],[19.3634,43.6016],[19.3805,43.5856],[19.3946,43.5665],[19.4029,43.5496],[19.4107,43.5408]],[[19.2892,43.5879],[19.3009,43.5883],[19.3127,43.5932],[19.3358,43.6065],[19.3466,43.6088]],[[19.2637,43.591],[19.2892,43.5879]],[[19.1953,43.5328],[19.2175,43.5328],[19.2295,43.5497],[19.2389,43.5721],[19.2527,43.5886],[19.2637,43.591]],[[19.4439,43.5719],[19.4817,43.5608]],[[19.4107,43.5408],[19.4193,43.5493],[19.4318,43.5711],[19.4439,43.5719]]]}},{"type":"Feature","properties":{},"geometry":{"type":"LineString","coordinates":[[18.9013,45.9312],[18.907,45.9157],[18.8898,45.9079],[18.882,45.9026],[18.8729,45.8952],[18.8935,45.8839],[18.904,45.8757],[18.907,45.868],[18.8998,45.8614],[18.8871,45.8595],[18.8553,45.8574],[18.8524,45.8301],[18.8504,45.8242],[18.8467,45.82],[18.845,45.8157],[18.8487,45.8096],[18.864,45.7985],[18.8711,45.79],[18.9002,45.7649],[18.9048,45.7498],[18.909,45.7194],[18.9173,45.7066],[18.9311,45.6989],[18.9481,45.692],[18.9627,45.6831],[18.9685,45.6687],[18.9629,45.6601],[18.9354,45.6334],[18.9245,45.6277],[18.9124,45.6192],[18.9082,45.6004],[18.907,45.5817],[18.9036,45.5731],[18.9121,45.5682],[18.932,45.5455],[18.9417,45.5389],[18.9602,45.5391],[18.9731,45.5463],[18.9832,45.5547],[19.0006,45.5612],[19.0092,45.5655],[19.0181,45.5674],[19.0272,45.5626],[19.0334,45.5546],[19.0365,45.5495],[19.0409,45.545],[19.051,45.5389],[19.0678,45.5334],[19.0823,45.5312],[19.0951,45.5261],[19.1063,45.5116],[19.0772,45.4916],[19.0179,45.4978],[19.0096,45.4987],[18.9964,45.4738],[18.9971,45.4555],[19.0023,45.4437],[19.0164,45.4336],[19.0313,45.4162],[19.0226,45.4024],[18.9974,45.3998],[18.9755,45.3911],[18.9775,45.3712],[18.9957,45.3623],[18.9964,45.3621],[19.0075,45.3595]]}},{"type":"Feature","properties":{},"geometry":{"type":"LineString","coordinates":[[17.1483,48.0054],[17.125,48.0195],[17.0926,48.0273],[17.0697,48.0357],[17.0751,48.0521],[17.0631,48.0588],[17.0591,48.0604],[17.0648,48.079],[17.07,48.0892],[17.0802,48.0976],[17.0672,48.1069],[17.0625,48.1127],[17.0475,48.131],[17.0369,48.1355],[17.0209,48.1372],[17.0072,48.1428],[16.9819,48.1613],[16.9748,48.1769],[16.9747,48.1986],[16.97,48.2166],[16.9543,48.2526],[16.9539,48.2573],[16.9553,48.2688],[16.9543,48.2731],[16.9506,48.2766],[16.9444,48.278],[16.9334,48.2847],[16.9243,48.2875],[16.9166,48.2908],[16.9133,48.2967],[16.9121,48.3012],[16.9089,48.307],[16.9055,48.312],[16.9028,48.3141],[16.8984,48.3162],[16.9003,48.3212],[16.9042,48.327],[16.9065,48.3315],[16.9019,48.3394],[16.8917,48.347],[16.8812,48.3528],[16.8755,48.355],[16.8553,48.3565],[16.8476,48.3596],[16.8445,48.3656],[16.8451,48.3766],[16.8469,48.3811],[16.8493,48.3841],[16.8519,48.3904],[16.8608,48.4438],[16.8649,48.4581],[16.8751,48.4715],[16.9012,48.4966],[16.9065,48.5099],[16.9139,48.5193],[16.9305,48.5282],[16.9469,48.5397],[16.9491,48.5448],[16.9543,48.5574],[16.945,48.6042]]}},{"type":"Feature","properties":{},"geometry":{"type":"MultiLineString","coordinates":[[[18.7045,49.4793],[18.7325,49.4803],[18.7736,49.5049],[18.7923,49.5095],[18.8332,49.5103]],[[18.6359,49.4967],[18.6428,49.4958],[18.6756,49.485],[18.7045,49.4793]],[[18.6004,49.486],[18.629,49.4958],[18.6359,49.4967]],[[18.5562,49.4902],[18.6004,49.486]],[[18.4168,49.3855],[18.4392,49.3951],[18.4818,49.4291],[18.5147,49.4406],[18.5229,49.4461],[18.528,49.4549],[18.5305,49.4735],[18.5356,49.4817],[18.5562,49.4902]],[[18.3876,49.3898],[18.4168,49.3855]],[[18.0129,49.0191],[18.0461,49.0292],[18.0755,49.0472],[18.0963,49.0703],[18.1029,49.0923],[18.1016,49.1369],[18.1015,49.1429],[18.1051,49.1698],[18.1178,49.2026],[18.1365,49.2331],[18.1606,49.2587],[18.19,49.2769],[18.3246,49.3113],[18.3616,49.3302],[18.3852,49.3423],[18.3876,49.3898]],[[17.9592,49.0219],[18.0129,49.0191]],[[17.8412,48.921],[17.8603,48.9217],[17.8787,48.9336],[17.8869,48.9472],[17.8946,48.9782],[17.9008,48.993],[17.9141,49.0105],[17.9351,49.0194],[17.9592,49.0219]],[[17.8201,48.9234],[17.8412,48.921]],[[17.5351,48.813],[17.7272,48.8629],[17.7449,48.8726],[17.7794,48.9117],[17.7955,48.9206],[17.8201,48.9234]],[[17.2122,48.8661],[17.2603,48.8578],[17.3744,48.8196]],[[16.945,48.6042],[16.9475,48.6232],[16.9633,48.6359],[16.9748,48.6499],[17.0253,48.7463],[17.0499,48.774],[17.0844,48.7937],[17.0987,48.8058],[17.1046,48.8246],[17.1137,48.8339],[17.1675,48.8598],[17.2122,48.8661]],[[17.4533,48.8428],[17.4679,48.8381],[17.4985,48.8168],[17.5351,48.813]],[[17.3744,48.8196],[17.3917,48.8218],[17.4112,48.8302],[17.4296,48.8382],[17.4533,48.8428]]]}},{"type":"Feature","properties":{},"geometry":{"type":"MultiLineString","coordinates":[[[20.8003,48.5692],[20.8158,48.5638],[20.8455,48.5458],[20.8599,48.5433],[20.8914,48.5411],[20.9458,48.519],[20.9815,48.5169]],[[20.2724,48.2525],[20.2952,48.2604],[20.3243,48.2799],[20.3493,48.3055],[20.3702,48.3343],[20.409,48.4137],[20.4206,48.4292],[20.4356,48.4424],[20.466,48.4638],[20.4682,48.4654],[20.4817,48.4787],[20.4825,48.4823],[20.4829,48.4858],[20.4828,48.4894],[20.4822,48.4929],[20.4802,48.5102],[20.4805,48.5185],[20.4817,48.5261],[20.5105,48.5338],[20.5725,48.5366],[20.7841,48.5691],[20.8003,48.5692]],[[21.4246,48.5613],[21.4391,48.5583],[21.4727,48.545],[21.4908,48.5403],[21.4994,48.5351],[21.506,48.5265],[21.5151,48.5071],[21.5218,48.5001],[21.5377,48.4952]],[[21.2618,48.5032],[21.2766,48.5087],[21.2882,48.5199],[21.2939,48.5306],[21.3023,48.5399],[21.3218,48.5476],[21.3386,48.5499],[21.3727,48.5503],[21.4246,48.5613]],[[21.2199,48.5187],[21.238,48.5134],[21.2504,48.5065],[21.2618,48.5032]],[[21.1093,48.4891],[21.1867,48.5137],[21.2199,48.5187]],[[21.0065,48.5182],[21.036,48.5146],[21.0639,48.5062],[21.084,48.493],[21.1093,48.4891]],[[20.9815,48.5169],[21.0065,48.5182]],[[21.5746,48.4956],[21.5917,48.493],[21.6004,48.4816],[21.6134,48.4404],[21.6216,48.4297],[21.6776,48.3723],[21.7012,48.3539],[21.7277,48.3409],[21.759,48.3338]],[[21.5377,48.4952],[21.5746,48.4956]],[[22.0779,48.3758],[22.0965,48.3794],[22.1139,48.3887],[22.1328,48.4048]],[[22.018,48.3797],[22.0779,48.3758]],[[21.759,48.3338],[21.7894,48.3355],[21.8412,48.3532],[21.8843,48.3575],[21.9148,48.3691],[21.9293,48.3729],[21.9815,48.3747],[21.9999,48.379],[22.018,48.3797]],[[20.2291,48.2709],[20.249,48.2642],[20.2603,48.2559],[20.2724,48.2525]],[[20.1709,48.244],[20.1876,48.249],[20.2178,48.2676],[20.2291,48.2709]],[[20.1431,48.2478],[20.1533,48.2453],[20.1709,48.244]],[[19.9051,48.1243],[19.9286,48.1301],[19.9739,48.1584],[19.9969,48.1679],[20.035,48.1759],[20.0383,48.1772],[20.0781,48.1935],[20.097,48.1984],[20.1053,48.2028],[20.1126,48.2117],[20.1181,48.2297],[20.122,48.2367],[20.1345,48.2467],[20.1431,48.2478]],[[19.6232,48.227],[19.6339,48.2268],[19.6439,48.2248],[19.6553,48.2184],[19.677,48.2004],[19.687,48.1969]],[[19.4282,48.0859],[19.4817,48.1113],[19.4833,48.1165],[19.4838,48.1218],[19.4833,48.1272],[19.4817,48.1327],[19.4814,48.1333],[19.4812,48.134],[19.4814,48.1344],[19.4817,48.1349],[19.4936,48.1507],[19.503,48.1894],[19.514,48.204],[19.5312,48.2107],[19.6232,48.227]],[[19.7331,48.2029],[19.7566,48.2003],[19.7743,48.1859],[19.7748,48.1761],[19.7692,48.1674],[19.7667,48.159],[19.7761,48.1495],[19.7856,48.1487]],[[19.687,48.1969],[19.7331,48.2029]],[[19.8217,48.1579],[19.8463,48.1527],[19.8843,48.1296],[19.9051,48.1243]],[[19.7856,48.1487],[19.8217,48.1579]],[[19.2932,48.0878],[19.4282,48.0859]],[[19.2225,48.0606],[19.2335,48.0621],[19.2932,48.0878]],[[19.0985,48.0707],[19.2225,48.0606]],[[19.0387,48.0649],[19.0985,48.0707]],[[18.9965,48.0662],[19.019,48.0655],[19.0387,48.0649]],[[18.6637,47.7759],[18.6928,47.778],[18.7172,47.7881],[18.7503,47.8136],[18.7677,47.8223],[18.7903,47.8263],[18.8149,47.8322],[18.8165,47.8326],[18.778,47.8514],[18.7488,47.8707],[18.7422,47.8895],[18.7447,47.9105],[18.7548,47.9518],[18.7514,47.9634],[18.7445,47.9674],[18.7432,47.9711],[18.7562,47.9818],[18.7653,47.9854],[18.7847,47.9876],[18.7942,47.9931],[18.821,48.0305],[18.8385,48.04],[18.9336,48.0543],[18.9818,48.0616],[18.9965,48.0662]],[[17.1848,48.0203],[17.2209,48.0151],[17.2623,48.0073],[17.2727,48.0053],[17.3379,47.9987],[17.3694,47.9812],[17.472,47.8888],[17.4819,47.8827],[17.4922,47.8798],[17.5173,47.8763],[17.5266,47.8721],[17.5604,47.838],[17.5726,47.8295]],[[17.1483,48.0054],[17.1848,48.0203]],[[17.6042,47.8342],[17.6191,47.8292],[17.6399,47.8192],[17.6584,47.8073],[17.6662,47.797],[17.6767,47.7892],[17.7192,47.7737],[17.742,47.7654],[17.8257,47.75]],[[17.5726,47.8295],[17.5829,47.8298],[17.593,47.8331],[17.6042,47.8342]],[[18.5526,47.7928],[18.5974,47.7907],[18.6338,47.7798],[18.6637,47.7759]],[[18.2359,47.7539],[18.273,47.7563],[18.3479,47.7768],[18.5526,47.7928]],[[18.1126,47.7625],[18.2359,47.7539]],[[17.8257,47.75],[17.8835,47.7525],[18.1126,47.7625]]]}},{"type":"Feature","properties":{},"geometry":{"type":"LineString","coordinates":[[14.8104,50.8584],[14.8105,50.8771],[14.8247,50.8918],[14.8602,50.9168],[14.9106,50.9927],[14.9553,51.064],[14.9583,51.0755],[14.9585,51.0947],[14.9603,51.1046],[14.9656,51.1115],[14.9734,51.1161],[14.98,51.1228],[14.9821,51.1356],[14.9832,51.1609],[14.9914,51.189],[15.0049,51.2156],[15.0221,51.2368],[15.0179,51.2396],[15.0143,51.2427],[15.0195,51.2717],[15.0049,51.2913],[14.9823,51.308],[14.9638,51.3284],[14.961,51.3353],[14.9566,51.3532],[14.9566,51.3542],[14.9506,51.3965],[14.9469,51.4229],[14.9554,51.4354],[14.9451,51.4492],[14.9266,51.4613],[14.911,51.469],[14.8883,51.4757],[14.8414,51.4844],[14.8186,51.4926],[14.8186,51.4927],[14.7975,51.5021],[14.7322,51.5158],[14.71,51.5302],[14.7068,51.5408],[14.7046,51.548],[14.7127,51.5674],[14.7322,51.5866],[14.7439,51.6066],[14.7423,51.633],[14.7325,51.6583],[14.7195,51.6756],[14.671,51.7008],[14.6484,51.7172],[14.6381,51.7426],[14.6342,51.769],[14.6203,51.7805],[14.6022,51.7883],[14.5858,51.8039],[14.5828,51.8251],[14.5959,51.8424],[14.6533,51.8786],[14.6717,51.8939],[14.6871,51.9119],[14.6956,51.9315],[14.6991,51.9925],[14.7045,52.0022],[14.7261,52.0264],[14.7303,52.0359],[14.7322,52.0451],[14.7354,52.054],[14.743,52.0625],[14.7614,52.0767],[14.6964,52.1067],[14.6864,52.121],[14.6925,52.147],[14.7032,52.1652],[14.707,52.1795],[14.6926,52.1934],[14.6926,52.1996],[14.7121,52.2154],[14.7124,52.2359],[14.6969,52.2535],[14.6689,52.261],[14.6405,52.2651],[14.6066,52.2758],[14.5842,52.2912],[14.5901,52.3094],[14.5692,52.3385],[14.5454,52.3822],[14.5398,52.4219],[14.5916,52.4498],[14.6158,52.4733],[14.6323,52.4967],[14.6277,52.5074],[14.6091,52.5178],[14.6168,52.541],[14.6448,52.5769],[14.6137,52.5925],[14.608,52.5965],[14.5499,52.6362],[14.4901,52.6506],[14.4614,52.6746],[14.4424,52.68],[14.4319,52.6861],[14.3977,52.7271],[14.3822,52.7382],[14.276,52.7857],[14.2487,52.7946],[14.216,52.818],[14.196,52.8234],[14.1737,52.8243],[14.1528,52.8283],[14.1354,52.8366],[14.1239,52.8507],[14.1505,52.8646],[14.1608,52.8767],[14.165,52.8957],[14.1627,52.9082],[14.1505,52.9436],[14.1445,52.9537],[14.1445,52.9599],[14.1929,52.9817],[14.2537,53.0009],[14.3126,53.0292],[14.3433,53.0486],[14.3568,53.0667],[14.3596,53.0751],[14.3895,53.1317],[14.3875,53.1461],[14.3815,53.1603],[14.3779,53.1765],[14.3807,53.1899],[14.3878,53.2021],[14.3977,53.211],[14.4082,53.2144],[14.4156,53.221],[14.4416,53.2518],[14.4286,53.2591],[14.4247,53.2647],[14.4094,53.2724],[14.4033,53.2788],[14.4002,53.2886],[14.3996,53.3067],[14.398,53.3152],[14.3913,53.334],[14.3703,53.3923],[14.3599,53.4441],[14.3389,53.4652],[14.3285,53.4861],[14.3042,53.5085],[14.2969,53.5291],[14.2962,53.5513],[14.2989,53.5879],[14.297,53.5978],[14.2761,53.6366],[14.261,53.6562],[14.2651,53.6718],[14.2639,53.6999],[14.2639,53.7]]}},{"type":"Feature","properties":{},"geometry":{"type":"MultiLineString","coordinates":[[[22.2568,48.3573],[22.257,48.3732],[22.2718,48.4035],[22.2361,48.4153],[22.202,48.4182]],[[22.202,48.4182],[22.1692,48.4095],[22.1593,48.4023],[22.1583,48.4022],[22.1565,48.4021]],[[22.1565,48.4021],[22.1328,48.4048]],[[22.3709,48.2374],[22.3636,48.2387],[22.3571,48.2431],[22.3081,48.2937],[22.2974,48.314],[22.2964,48.3278],[22.2987,48.3393],[22.2987,48.3491],[22.2913,48.3576],[22.2844,48.3584]],[[22.2844,48.3584],[22.2568,48.3573]],[[22.4342,48.2367],[22.4184,48.239],[22.3988,48.2443],[22.3945,48.2448]],[[22.3945,48.2448],[22.3905,48.2443],[22.3865,48.2431],[22.3786,48.2389],[22.3709,48.2374]],[[22.6081,48.0968],[22.6055,48.097],[22.6001,48.1011],[22.583,48.1248],[22.5689,48.1565],[22.5558,48.1772],[22.4814,48.2426],[22.4774,48.2439],[22.4733,48.2445]],[[22.4733,48.2445],[22.469,48.2441],[22.4497,48.2377],[22.4342,48.2367]],[[22.8776,47.9467],[22.8408,47.9668],[22.8324,47.9789],[22.8495,47.9931],[22.8513,48.0088],[22.858,48.018],[22.8616,48.0284],[22.8548,48.0473],[22.8443,48.061],[22.831,48.0724],[22.8014,48.091],[22.7656,48.1045],[22.7621,48.1093],[22.7457,48.1163]],[[22.7457,48.1163],[22.7286,48.1131],[22.7116,48.1058],[22.6932,48.1018],[22.6212,48.1018],[22.6081,48.0968]]]}},{"type":"Feature","properties":{},"geometry":{"type":"MultiLineString","coordinates":[[[22.6916,44.2284],[22.9064,44.1229],[22.9426,44.1115],[22.9881,44.107],[23.0083,44.1004],[23.031,44.0931],[23.0401,44.0623],[23.023,44.0316],[22.9881,44.0177],[22.9663,44.0156],[22.9265,44.0062],[22.9058,44.004],[22.8859,43.9945],[22.8747,43.972],[22.8505,43.897],[22.851,43.8744],[22.8634,43.8554],[22.8888,43.8395],[22.9196,43.8342]],[[27.0275,44.177],[27.1002,44.1445],[27.2056,44.1292],[27.2267,44.1207]],[[25.5338,43.6687],[25.5566,43.6704],[25.5751,43.6774],[25.5939,43.6807],[25.6165,43.6877],[25.6379,43.6973],[25.6535,43.7081],[25.6714,43.7174],[25.7329,43.7188],[25.7396,43.7189],[25.7811,43.732],[25.8044,43.7599],[25.8063,43.7637],[25.8393,43.7884],[25.8693,43.8009],[25.9164,43.8444],[25.9245,43.8586],[25.934,43.8703],[26.0543,43.9343],[26.0616,43.9498],[26.0793,43.969],[26.1162,43.9989],[26.1507,44.0124],[26.2315,44.0275],[26.3105,44.0526],[26.3323,44.0549],[26.4158,44.0638],[26.6142,44.0849],[26.6478,44.0934],[26.6678,44.0951],[26.6773,44.0971],[26.6972,44.1061],[26.7087,44.1081],[26.7537,44.1081],[26.7895,44.116],[26.8841,44.1565],[27.0015,44.1651],[27.0275,44.177]],[[27.2511,44.1224],[27.2527,44.1215],[27.269,44.1124],[27.2643,44.0898],[27.2853,44.0725],[27.3417,44.0531],[27.3536,44.0453],[27.3729,44.0207],[27.3838,44.0151]],[[27.2267,44.1207],[27.2511,44.1224]],[[27.6334,44.0298],[27.6563,44.0239],[27.6761,43.9935],[27.6825,43.9873],[27.7217,43.9487]],[[27.3838,44.0151],[27.5745,44.0163],[27.6334,44.0298]],[[27.9121,43.9933],[27.9121,43.9932],[27.9358,43.9644],[27.981,43.8493],[28.0148,43.83],[28.2213,43.762],[28.4346,43.7352]],[[27.7217,43.9487],[27.7873,43.9604],[27.8565,43.9886],[27.9121,43.9933]],[[23.3252,43.8866],[23.4847,43.8806],[23.5927,43.8374],[23.6209,43.834],[23.6361,43.8322]],[[22.9196,43.8342],[23.0526,43.8428],[23.1318,43.8479],[23.1619,43.8573],[23.197,43.8628],[23.2345,43.8773],[23.3252,43.8866]],[[23.7208,43.8458],[23.7429,43.8427],[23.7999,43.8185],[24.1496,43.7547],[24.1594,43.7529]],[[23.6361,43.8322],[23.7208,43.8458]],[[24.4663,43.8024],[24.5001,43.7995],[24.6618,43.7557],[24.7056,43.7438],[24.7526,43.7388]],[[24.1594,43.7529],[24.3367,43.7593],[24.3582,43.76],[24.3755,43.7639],[24.4312,43.7942],[24.4663,43.8024]],[[24.9637,43.7496],[25.0816,43.7189],[25.2113,43.7119],[25.2523,43.7046],[25.2854,43.6904],[25.2887,43.689],[25.323,43.6697],[25.3596,43.6543],[25.4031,43.6501]],[[24.7526,43.7388],[24.9637,43.7496]],[[28.4346,43.7352],[28.5784,43.7413]],[[25.4888,43.6705],[25.5338,43.6687]],[[25.4031,43.6501],[25.4261,43.6544],[25.4674,43.6677],[25.4825,43.6697],[25.4888,43.6705]]]}},{"type":"Feature","properties":{},"geometry":{"type":"MultiLineString","coordinates":[[[20.2428,46.1081],[20.3057,46.0536],[20.3177,46.0386],[20.3386,45.9928],[20.3539,45.9767],[20.371,45.9678],[20.4103,45.9556],[20.4291,45.9467],[20.4817,45.9127],[20.4999,45.9067],[20.538,45.9037],[20.5567,45.8984],[20.5721,45.8877],[20.6053,45.8461],[20.6123,45.8415],[20.6297,45.8333],[20.6367,45.827],[20.6401,45.8187],[20.6423,45.7983],[20.6435,45.7951],[20.6459,45.7887],[20.6556,45.7773],[20.6786,45.7566],[20.6881,45.7431],[20.7001,45.7354],[20.7134,45.7333]],[[20.7652,45.7668],[20.7775,45.7623],[20.7857,45.7526],[20.7855,45.7434],[20.7816,45.734],[20.7791,45.7237],[20.78,45.6717],[20.7773,45.6575],[20.7732,45.6489],[20.7622,45.6306],[20.7544,45.6056],[20.758,45.5893],[20.7874,45.5537],[20.8002,45.5305],[20.7976,45.5165],[20.7832,45.5061],[20.7607,45.4933],[20.7671,45.4793],[20.7816,45.4726],[20.7995,45.4685],[20.816,45.4629],[20.8304,45.4525],[20.863,45.4187],[20.9276,45.3775],[20.9662,45.3416],[20.9815,45.3328],[21.0167,45.3215],[21.064,45.3063],[21.0743,45.3005],[21.0828,45.2937],[21.0916,45.2881],[21.1033,45.2861]],[[20.7134,45.7333],[20.7268,45.7362],[20.7394,45.7434],[20.7453,45.755],[20.7541,45.7636],[20.7652,45.7668]],[[21.1394,45.3037],[21.1556,45.2952],[21.1897,45.2596],[21.2061,45.2459],[21.2393,45.2294],[21.2571,45.2241],[21.2993,45.2232],[21.4055,45.1997],[21.4338,45.1888],[21.4594,45.174],[21.4844,45.1527],[21.4933,45.1451],[21.4978,45.1319],[21.4941,45.1193],[21.4815,45.1116],[21.469,45.111],[21.4586,45.1073],[21.45,45.101],[21.4424,45.0929],[21.4438,45.0915],[21.4444,45.0853],[21.4444,45.0779],[21.4438,45.0729],[21.441,45.0687],[21.4325,45.0615],[21.4295,45.0573],[21.4256,45.0432],[21.4251,45.0362],[21.4219,45.0314],[21.4093,45.024],[21.3988,45.0214],[21.3733,45.0201],[21.3634,45.0165],[21.3561,45.0086],[21.3514,44.9982],[21.3535,44.9898],[21.367,44.9873],[21.3839,44.9867],[21.387,44.9815],[21.3846,44.9749],[21.3852,44.9695],[21.4084,44.9583],[21.4565,44.9523],[21.4815,44.9436],[21.5163,44.9339],[21.531,44.9246],[21.5391,44.9085],[21.5363,44.8893],[21.5221,44.8808],[21.4815,44.8726],[21.4534,44.8696]],[[21.1033,45.2861],[21.1131,45.2893],[21.1292,45.3019],[21.1394,45.3037]],[[21.4534,44.8696],[21.3953,44.8716]],[[21.3953,44.8716],[21.3685,44.8649],[21.3555,44.8566],[21.3464,44.8456],[21.3428,44.8319],[21.3598,44.8267],[21.3598,44.8266],[21.3606,44.8264],[21.3786,44.8166],[21.3959,44.7902],[21.4122,44.7848],[21.4972,44.778]],[[21.5584,44.7817],[21.578,44.7777],[21.5956,44.766],[21.6043,44.75],[21.6103,44.7319],[21.6197,44.7139],[21.6563,44.6877],[21.7052,44.6771]],[[21.4972,44.778],[21.5584,44.7817]],[[22.4261,44.7337],[22.4505,44.733],[22.4689,44.7302],[22.4837,44.724],[22.5533,44.6692],[22.5875,44.6494],[22.6212,44.6374],[22.7001,44.6306],[22.7147,44.6231],[22.7652,44.5828],[22.7593,44.5647],[22.7417,44.5519],[22.7194,44.5444],[22.7001,44.5418]],[[22.1482,44.5009],[22.1721,44.5053],[22.1851,44.5151],[22.299,44.6617],[22.3049,44.6774],[22.3197,44.6853],[22.3611,44.6921],[22.3807,44.7005],[22.4155,44.7278],[22.4261,44.7337]],[[21.8554,44.6985],[21.872,44.696],[21.9624,44.6623],[21.9943,44.6586],[22.0043,44.6515],[22.0322,44.6033],[22.0342,44.5962],[22.0362,44.5895],[22.0398,44.5769],[22.0452,44.5692],[22.0557,44.5621],[22.0671,44.5572],[22.0763,44.5507],[22.087,44.5218],[22.1043,44.5096],[22.1266,44.5027],[22.1482,44.5009]],[[21.7052,44.6771],[21.7568,44.6773],[21.8017,44.6839],[21.8383,44.6952],[21.8554,44.6985]],[[22.7001,44.5418],[22.6785,44.5456],[22.6422,44.5631],[22.6212,44.5692],[22.6003,44.5698]],[[22.6003,44.5698],[22.5805,44.5655],[22.5656,44.5554],[22.5598,44.5388],[22.5567,44.5215],[22.5484,44.5117],[22.5355,44.5075],[22.5004,44.5064],[22.4911,44.5042],[22.4841,44.4998],[22.4798,44.4904],[22.4772,44.477],[22.477,44.464],[22.48,44.4558],[22.501,44.4419],[22.5054,44.435],[22.5064,44.4275],[22.504,44.4117],[22.5051,44.4041],[22.5227,44.3751],[22.5494,44.349],[22.5828,44.3284],[22.6212,44.3159],[22.6625,44.3117],[22.6815,44.3053],[22.6895,44.2917],[22.6854,44.2437],[22.6907,44.2289],[22.6916,44.2284]]]}},{"type":"Feature","properties":{},"geometry":{"type":"MultiLineString","coordinates":[[[26.2118,41.7505],[26.2262,41.7497],[26.2345,41.7458],[26.261,41.7231],[26.2739,41.7149],[26.2949,41.7103]],[[26.1147,41.3552],[26.1209,41.3578],[26.1324,41.3715],[26.1478,41.3969],[26.159,41.4218],[26.1643,41.4279],[26.1706,41.4296],[26.1756,41.4319],[26.1774,41.44],[26.1743,41.446],[26.1604,41.4559],[26.1562,41.4604],[26.1459,41.478],[26.1476,41.4848],[26.1593,41.4938],[26.1629,41.5065],[26.1645,41.5177],[26.1631,41.5291],[26.1581,41.5423],[26.1525,41.547],[26.1368,41.5492],[26.1312,41.5527],[26.1294,41.5594],[26.131,41.5751],[26.1303,41.5827],[26.1211,41.6082],[26.1153,41.6166],[26.1067,41.6243],[26.0952,41.6284],[26.0812,41.6305],[26.0669,41.6355],[26.0595,41.6438],[26.055,41.6488],[26.0503,41.6605],[26.0475,41.6746],[26.0481,41.6891],[26.0537,41.7015],[26.0605,41.7073],[26.0672,41.7089],[26.074,41.7091],[26.0815,41.7115],[26.1084,41.7279],[26.1351,41.7334],[26.1899,41.7347],[26.2118,41.7505]],[[26.2949,41.7103],[26.3334,41.713]],[[24.2507,41.5635],[24.2669,41.5498],[24.2864,41.5404],[24.2873,41.5316],[24.2851,41.5232],[24.2868,41.5176],[24.2961,41.5152]],[[24.1702,41.5116],[24.1731,41.5153],[24.1775,41.531],[24.1816,41.5374],[24.1963,41.547],[24.1977,41.5477],[24.2144,41.5558],[24.2333,41.5618],[24.2507,41.5635]],[[24.5102,41.5617],[24.5309,41.5475],[24.5433,41.5213],[24.5465,41.4936],[24.5494,41.4854],[24.5536,41.4808],[24.5587,41.4768],[24.5641,41.4711],[24.5677,41.4681],[24.5772,41.4636],[24.5811,41.4602],[24.5822,41.4552],[24.5797,41.4442],[24.5804,41.4405],[24.5958,41.4298],[24.6095,41.4272]],[[24.424,41.5252],[24.4388,41.5277],[24.4592,41.5495],[24.4813,41.5532],[24.5102,41.5617]],[[24.0766,41.536],[24.1165,41.5334],[24.1463,41.5268],[24.154,41.5221],[24.1585,41.5163],[24.1628,41.512],[24.1702,41.5116]],[[24.0347,41.4513],[24.0459,41.4555],[24.052,41.463],[24.0525,41.4715],[24.0498,41.4936],[24.0473,41.5257],[24.0766,41.536]],[[24.4029,41.5279],[24.424,41.5252]],[[24.345,41.5184],[24.3539,41.5191],[24.3875,41.5267],[24.4029,41.5279]],[[24.3182,41.5208],[24.345,41.5184]],[[24.2961,41.5152],[24.303,41.517],[24.3096,41.5198],[24.3182,41.5208]],[[23.8948,41.4643],[23.9029,41.4635],[23.9499,41.4376]],[[23.8097,41.4338],[23.8309,41.4356],[23.8516,41.4396],[23.8677,41.4455],[23.8948,41.4643]],[[24.0007,41.4641],[24.0229,41.4531],[24.0347,41.4513]],[[23.9499,41.4376],[23.9647,41.4384],[23.9813,41.4509],[23.9869,41.4537],[23.9924,41.4546],[23.9971,41.457],[24.0007,41.4641]],[[23.7921,41.4345],[23.8097,41.4338]],[[23.7382,41.3975],[23.7544,41.4007],[23.7771,41.429],[23.7921,41.4345]],[[24.6443,41.4277],[24.6382,41.4177]],[[24.6095,41.4272],[24.6443,41.4277]],[[24.6613,41.4177],[24.6809,41.4155],[24.6992,41.4089],[24.7187,41.3957],[24.7526,41.3627],[24.7744,41.3481],[24.7943,41.3474]],[[24.6382,41.4177],[24.6613,41.4177]],[[23.7054,41.4032],[23.7382,41.3975]],[[23.6124,41.371],[23.6248,41.3771],[23.6277,41.3785],[23.6529,41.3976],[23.6722,41.403],[23.7054,41.4032]],[[24.8729,41.4019],[24.8864,41.4006],[24.917,41.3864],[25.0804,41.3341]],[[24.7943,41.3474],[24.8029,41.3619],[24.8002,41.3793],[24.8033,41.3927],[24.8421,41.3947],[24.863,41.4003],[24.8729,41.4019]],[[23.4145,41.3999],[23.513,41.3977],[23.579,41.372],[23.6124,41.371]],[[23.326,41.3693],[23.3472,41.3712],[23.3651,41.3786],[23.3955,41.3953],[23.4145,41.3999]],[[23.2877,41.3982],[23.3062,41.3884],[23.3156,41.3769],[23.326,41.3693]],[[23.1152,41.3127],[23.1572,41.3163],[23.1797,41.3214],[23.1907,41.3261],[23.1995,41.333],[23.2048,41.3427],[23.2064,41.3609],[23.2098,41.3686],[23.2242,41.379],[23.2466,41.3897],[23.2699,41.3973],[23.2877,41.3982]],[[26.1073,41.3566],[26.1147,41.3552]],[[25.9486,41.314],[25.9596,41.315],[25.9823,41.3233],[26.0089,41.3368],[26.0219,41.3417],[26.1073,41.3566]],[[25.811,41.341],[25.8333,41.3346],[25.8627,41.3101],[25.882,41.304]],[[25.68,41.2972],[25.6912,41.2984],[25.698,41.3019],[25.7052,41.3073],[25.7175,41.3141],[25.7287,41.3171],[25.7635,41.319],[25.8008,41.338],[25.811,41.341]],[[25.0968,41.3367],[25.1019,41.3367],[25.1049,41.3341],[25.1126,41.3241],[25.1165,41.3207],[25.1538,41.3075],[25.1579,41.3061],[25.1771,41.2939],[25.2197,41.2497],[25.2391,41.2409],[25.2623,41.2381]],[[25.0804,41.3341],[25.0968,41.3367]],[[22.917,41.3358],[23.1152,41.3127]],[[25.9212,41.316],[25.9351,41.3159],[25.9486,41.314]],[[25.882,41.304],[25.8963,41.3063],[25.9212,41.316]],[[25.5515,41.3157],[25.6398,41.3111],[25.6496,41.3085],[25.6705,41.2992],[25.68,41.2972]],[[25.5051,41.2806],[25.5149,41.2835],[25.5237,41.2917],[25.5302,41.3028],[25.538,41.3122],[25.5515,41.3157]],[[25.4791,41.2838],[25.4895,41.2831],[25.4973,41.2812],[25.5051,41.2806]],[[25.2623,41.2381],[25.2857,41.2394],[25.4535,41.2804],[25.4791,41.2838]]]}},{"type":"Feature","properties":{},"geometry":{"type":"MultiLineString","coordinates":[[[26.3596,41.7149],[26.3774,41.7106],[26.4044,41.6918],[26.4428,41.6845],[26.4604,41.6788],[26.4762,41.6757],[26.4732,41.6611],[26.4644,41.6485],[26.5212,41.6164],[26.5665,41.5988],[26.5764,41.591]],[[26.3334,41.713],[26.3596,41.7149]],[[26.5955,41.6124],[26.5953,41.605],[26.5963,41.5975],[26.5986,41.5908],[26.6023,41.5852],[26.5978,41.5733],[26.6017,41.5473],[26.5955,41.5374],[26.6061,41.523],[26.611,41.5057],[26.6159,41.4685],[26.6322,41.4197],[26.6364,41.3996],[26.6366,41.3785],[26.6317,41.3575],[26.6226,41.3404],[26.6097,41.3307],[26.5911,41.3293]],[[26.5764,41.591],[26.5955,41.6124]],[[26.5911,41.3293],[26.5696,41.3336],[26.5506,41.3418],[26.5402,41.3518]],[[26.5402,41.3518],[26.4893,41.3109],[26.4788,41.3096],[26.4744,41.3064],[26.472,41.3019],[26.4664,41.2972],[26.4385,41.2836],[26.4121,41.2657],[26.3951,41.259],[26.3317,41.2541],[26.3205,41.2462],[26.336,41.2289],[26.3255,41.207],[26.3211,41.1876],[26.3242,41.1699],[26.336,41.1526],[26.3173,41.1305],[26.3173,41.1223],[26.3323,41.119],[26.3395,41.1145],[26.3224,41.0886],[26.3251,41.0741],[26.339,41.0516],[26.3476,41.041],[26.3742,41.0311],[26.375,41.0195],[26.3681,41.0077],[26.3596,41.0024],[26.3446,41.0011],[26.3359,40.9971],[26.3332,40.9907],[26.336,40.9819],[26.3465,40.9717],[26.3562,40.9681],[26.3591,40.9647],[26.3491,40.9546],[26.335,40.9462],[26.3065,40.936],[26.2944,40.9267],[26.2973,40.9224],[26.3033,40.9155],[26.304,40.909],[26.2907,40.9061]],[[26.2907,40.9061],[26.2822,40.9072],[26.2752,40.9103],[26.27,40.9148],[26.2665,40.9204]],[[26.2665,40.9204],[26.2604,40.9204],[26.2522,40.9006],[26.2463,40.8915],[26.2392,40.8857],[26.2324,40.8857]],[[26.2324,40.8857],[26.2311,40.8898],[26.2262,40.8993]],[[26.2262,40.8993],[26.2263,40.8888],[26.2253,40.8836],[26.2209,40.8813],[26.2119,40.8795],[26.2112,40.8747],[26.2125,40.8731],[26.2151,40.8729],[26.2186,40.872],[26.2087,40.8684],[26.2058,40.865],[26.2051,40.8584],[26.212,40.8474],[26.1583,40.8122],[26.143,40.7938],[26.1345,40.7671],[26.1123,40.747],[26.0816,40.7356]],[[26.0816,40.7356],[26.044,40.7385]]]}},{"type":"Feature","properties":{},"geometry":{"type":"MultiLineString","coordinates":[[[19.7478,42.5789],[19.7469,42.5889],[19.746,42.5989],[19.7375,42.6244],[19.7221,42.6461],[19.6993,42.6548]],[[19.6993,42.6548],[19.676,42.6467],[19.658,42.6346],[19.6479,42.6278],[19.6218,42.605],[19.605,42.5848],[19.5992,42.571],[19.5937,42.5448],[19.5881,42.5329],[19.5757,42.5223],[19.5613,42.5162],[19.5493,42.5086],[19.5437,42.4936],[19.5437,42.4934],[19.5317,42.4748],[19.5178,42.458],[19.5015,42.4441],[19.4817,42.4345],[19.4684,42.4181],[19.4172,42.3741],[19.4121,42.3684],[19.4027,42.352],[19.4007,42.3448],[19.4013,42.3311],[19.4004,42.3259],[19.3046,42.2151],[19.2749,42.1913],[19.272,42.1807],[19.282,42.1647],[19.2821,42.1646],[19.2978,42.1517],[19.355,42.12],[19.37,42.1065],[19.3725,42.1043],[19.3749,42.0947],[19.3566,42.0648],[19.3517,42.0476],[19.3506,42.0278],[19.3542,42.0087],[19.3634,41.9936],[19.3637,41.9935],[19.371,41.9866],[19.3658,41.9697],[19.3598,41.966],[19.3516,41.9652],[19.3464,41.9615],[19.3529,41.9385],[19.3505,41.9314],[19.3467,41.9262],[19.3454,41.9212],[19.3459,41.9145],[19.3453,41.9103],[19.3477,41.9064],[19.357,41.8996],[19.3649,41.889],[19.3642,41.8628],[19.3651,41.8524]],[[19.746,42.5799],[19.7478,42.5789]],[[19.8196,42.4665],[19.8014,42.4681],[19.7845,42.4746],[19.7516,42.4934],[19.7343,42.5244],[19.7309,42.5337],[19.7303,42.5404],[19.7322,42.5555],[19.7339,42.5626],[19.7414,42.5744],[19.746,42.5799]],[[20.065,42.5468],[20.0392,42.5578]],[[20.0392,42.5578],[20.0177,42.5462],[19.9818,42.5108],[19.9563,42.5053]],[[19.9563,42.5053],[19.9075,42.5064]],[[19.9075,42.5064],[19.8827,42.4936],[19.8825,42.4934],[19.8733,42.4868],[19.8355,42.4703],[19.8291,42.4687],[19.8196,42.4665]]]}},{"type":"Feature","properties":{},"geometry":{"type":"MultiLineString","coordinates":[[[26.6885,48.2748],[26.7115,48.2613],[26.7224,48.2598]],[[26.6179,48.259],[26.6657,48.2742],[26.6885,48.2748]],[[26.7331,48.2708],[26.744,48.2556],[26.7637,48.2527]],[[26.7224,48.2598],[26.7331,48.2708]],[[26.8049,48.2583],[26.8219,48.2525],[26.8447,48.2333]],[[26.7637,48.2527],[26.8049,48.2583]],[[26.8555,48.2378],[26.8977,48.209],[26.904,48.2015],[26.908,48.1845]],[[26.8447,48.2333],[26.8555,48.2378]],[[26.9381,48.2048],[26.9506,48.1975],[26.9556,48.186],[26.9631,48.1754],[26.9976,48.1666],[26.9976,48.1579],[26.9862,48.1504],[26.9666,48.1496],[26.9666,48.1434],[26.994,48.1324],[27.0127,48.1281]],[[26.908,48.1845],[26.9177,48.188],[26.9291,48.199],[26.9381,48.2048]],[[27.0251,48.135],[27.0337,48.1324],[27.0428,48.1273],[27.048,48.1222],[27.048,48.1214],[27.0474,48.1165],[27.0369,48.1073],[27.0343,48.1018],[27.0417,48.0773],[27.0592,48.0581],[27.0832,48.0437],[27.1093,48.0335],[27.1093,48.0261],[27.089,48.0198],[27.09,48.0156],[27.0915,48.0119],[27.0934,48.0084],[27.0958,48.0056]],[[27.0127,48.1281],[27.0251,48.135]],[[27.1215,48.0132],[27.1346,48.0005],[27.1437,47.9868]],[[27.0958,48.0056],[27.1215,48.0132]],[[27.1572,47.992],[27.1688,47.9831],[27.1698,47.9738],[27.1629,47.965],[27.151,47.9578],[27.172,47.9464],[27.1783,47.9441],[27.1783,47.9421],[27.1783,47.9379],[27.1607,47.9217],[27.1716,47.9126],[27.1942,47.9041],[27.2124,47.8895],[27.2115,47.885],[27.2132,47.8541],[27.2124,47.8479],[27.2228,47.8427],[27.2349,47.8402],[27.2458,47.8366],[27.2534,47.8281],[27.2192,47.8138],[27.2311,47.8071],[27.2449,47.7926],[27.2562,47.7776],[27.2608,47.7691],[27.2647,47.7646],[27.2824,47.7557],[27.2875,47.7523],[27.2881,47.7507],[27.2911,47.7424],[27.2896,47.7317],[27.2951,47.7244],[27.2951,47.7182],[27.272,47.715],[27.2811,47.693],[27.304,47.6665],[27.3692,47.6083],[27.3971,47.5891],[27.4284,47.581],[27.4294,47.5781],[27.4313,47.5726],[27.4358,47.5599],[27.439,47.5537],[27.4403,47.5501],[27.4401,47.541],[27.4421,47.5366],[27.4461,47.5349],[27.4569,47.5339],[27.4595,47.5332],[27.4667,47.5064],[27.4731,47.4918],[27.4837,47.4854],[27.4926,47.4845],[27.4975,47.4824],[27.5015,47.4799],[27.5072,47.478],[27.533,47.4774]],[[27.1437,47.9868],[27.1572,47.992]],[[27.5345,47.478],[27.5482,47.4743],[27.5632,47.4683],[27.5759,47.4604],[27.583,47.4507],[27.5748,47.4463],[27.5694,47.4386],[27.5655,47.4283],[27.5625,47.4165],[27.5803,47.406],[27.5724,47.3752],[27.5864,47.3688],[27.5887,47.3674],[27.5999,47.3607],[27.624,47.3214],[27.6369,47.3067],[27.6447,47.304],[27.6717,47.2999],[27.6823,47.2953],[27.6899,47.2909],[27.6978,47.2875],[27.7228,47.2833],[27.7333,47.2756],[27.7536,47.2514],[27.7524,47.2389],[27.763,47.2263],[27.7883,47.2043],[27.8003,47.177],[27.8021,47.1763],[27.8048,47.1685],[27.8077,47.1625],[27.8059,47.1582],[27.7947,47.1558],[27.8066,47.1446],[27.8499,47.1285],[27.8499,47.1217],[27.8438,47.1144],[27.8482,47.1114],[27.8577,47.1093],[27.867,47.1046],[27.8976,47.0814],[27.9259,47.0688],[27.9384,47.0611],[27.9387,47.0466],[27.9631,47.0434],[27.9866,47.0332],[28.0083,47.0263]],[[27.533,47.4774],[27.5345,47.478]],[[28.028,47.033],[28.037,47.0165],[28.0381,47.0155],[28.0691,46.9885],[28.0827,46.9715],[28.1023,46.9351],[28.105,46.9202],[28.1054,46.9177],[28.0969,46.9026],[28.1136,46.8948],[28.1143,46.8834],[28.1131,46.8714],[28.1243,46.8616],[28.1243,46.8542],[28.1226,46.8423],[28.1215,46.8343],[28.1378,46.8062],[28.1782,46.7586],[28.1781,46.7398],[28.2341,46.6624],[28.2443,46.6354],[28.2451,46.6315],[28.2474,46.6208],[28.2471,46.6072],[28.2405,46.5964],[28.2305,46.5839],[28.2254,46.5696],[28.2341,46.5531],[28.2248,46.5487],[28.2211,46.5412],[28.219,46.5037],[28.2211,46.4958],[28.2341,46.4781],[28.2381,46.4756]],[[28.0083,47.0263],[28.028,47.033]],[[28.2423,46.4765],[28.2458,46.4755],[28.2471,46.4672],[28.2472,46.4362],[28.2461,46.4279],[28.2402,46.4203],[28.2261,46.4154],[28.2333,46.4018],[28.2286,46.3961],[28.2268,46.3955],[28.2195,46.3933],[28.2129,46.3887],[28.2071,46.3582],[28.2024,46.3539],[28.1904,46.3511],[28.1879,46.3438],[28.192,46.3235],[28.1929,46.3112],[28.1913,46.3078],[28.1778,46.287],[28.1658,46.2788],[28.1563,46.2754],[28.1449,46.2729],[28.1352,46.2693],[28.1311,46.2624],[28.1345,46.2453],[28.1321,46.2399],[28.1208,46.2379],[28.109,46.2341],[28.111,46.2256],[28.1293,46.2047],[28.1356,46.1988],[28.1415,46.192],[28.1447,46.1832],[28.1332,46.16],[28.1274,46.1353],[28.1105,46.1015],[28.1078,46.0961],[28.1008,46.082],[28.0928,46.0784],[28.0902,46.0734],[28.0905,46.068],[28.0966,46.065],[28.0969,46.0597],[28.0845,46.0246],[28.0827,46.0147],[28.0861,46.0006],[28.1105,45.9504],[28.1124,45.9392],[28.1149,45.9332],[28.1208,45.9263],[28.125,45.9184],[28.1228,45.9108],[28.1188,45.9031],[28.1174,45.8952],[28.1202,45.8878],[28.1291,45.8751],[28.1311,45.8714],[28.1282,45.8664],[28.115,45.8597],[28.1105,45.8543],[28.1133,45.8254],[28.1289,45.795],[28.1465,45.7712],[28.155,45.7618],[28.1637,45.6615],[28.1618,45.6454],[28.168,45.6325],[28.1537,45.6275]],[[28.2381,46.4756],[28.2423,46.4765]],[[28.1537,45.6275],[28.1208,45.6277]],[[28.1208,45.6277],[28.1077,45.6244],[28.0912,45.616],[28.0748,45.6049],[28.0621,45.5936],[28.118,45.5727],[28.1409,45.5602],[28.1577,45.5389],[28.1616,45.5327],[28.164,45.5306],[28.1654,45.5283],[28.1659,45.4946],[28.1729,45.4844],[28.1995,45.4618]]]}},{"type":"Feature","properties":{},"geometry":{"type":"MultiLineString","coordinates":[[[26.3303,48.2085],[26.3473,48.2121],[26.3805,48.2232],[26.3974,48.2262],[26.4447,48.2277],[26.4613,48.2304],[26.5874,48.2494],[26.6179,48.259]],[[26.3035,48.212],[26.3118,48.2097],[26.3303,48.2085]],[[25.9657,47.9649],[26.0293,47.9778],[26.1025,47.9783],[26.1257,47.9784],[26.1731,47.9931],[26.1827,48.0033],[26.2048,48.0374],[26.2171,48.048],[26.2432,48.0629],[26.2553,48.0723],[26.2707,48.0936],[26.287,48.1247],[26.2975,48.1563],[26.2962,48.179],[26.3035,48.212]],[[23.1391,48.0981],[23.1617,48.0959],[23.2314,48.0797],[23.2486,48.0712],[23.2898,48.0382],[23.3375,48.0109],[23.3601,47.9931],[23.3673,47.9912],[23.3747,47.9906]],[[23.0044,47.9831],[23.0203,47.9847],[23.0631,48.0075],[23.0766,48.0245],[23.099,48.0712],[23.1186,48.0915],[23.1391,48.0981]],[[23.5632,48.0058],[23.5817,48.0016],[23.6461,47.9966],[23.6873,47.9873],[23.7105,47.9851]],[[23.4608,47.9713],[23.4816,47.9722],[23.4855,47.9742],[23.4885,47.9759],[23.4943,47.9805],[23.4994,47.9862],[23.5037,47.9929],[23.5145,47.999],[23.5256,48.0012],[23.5632,48.0058]],[[22.9393,48.0057],[22.9571,48.0001],[22.9725,47.9929],[22.9882,47.9864],[23.0044,47.9831]],[[22.8776,47.9467],[22.8979,47.951],[22.9158,47.9592],[22.9242,47.9727],[22.9157,47.993],[22.9241,48.0048],[22.9393,48.0057]],[[23.393,47.9936],[23.3945,47.9935],[23.396,47.9931],[23.4608,47.9713]],[[23.3747,47.9906],[23.3822,47.9911],[23.3901,47.9931],[23.3916,47.9935],[23.393,47.9936]],[[23.7801,47.9875],[23.7965,47.982],[23.8484,47.9497],[23.8552,47.9342]],[[23.7105,47.9851],[23.7801,47.9875]],[[25.9181,47.9682],[25.9657,47.9649]],[[24.8966,47.7101],[24.9289,47.7139],[24.9424,47.7156],[25.0174,47.7246],[25.0799,47.7429],[25.0801,47.7431],[25.0803,47.7431],[25.1219,47.7703],[25.219,47.8785],[25.2617,47.8986],[25.7525,47.9346],[25.8184,47.9526],[25.871,47.957],[25.9012,47.966],[25.9181,47.9682]],[[23.9773,47.9623],[24.0088,47.9612],[24.0252,47.9532],[24.0749,47.9442],[24.0948,47.9379],[24.1312,47.9145],[24.1487,47.9121]],[[23.8552,47.9342],[23.8766,47.9344],[23.9773,47.9623]],[[24.4285,47.9525],[24.4856,47.9432]],[[24.231,47.897],[24.2979,47.9198],[24.3472,47.9209],[24.3862,47.9437],[24.4092,47.9521],[24.4285,47.9525]],[[24.5421,47.9438],[24.5616,47.9405],[24.5698,47.9373],[24.6085,47.9219],[24.6337,47.9083],[24.6493,47.8952],[24.656,47.8793],[24.6569,47.8662],[24.6615,47.8539],[24.6791,47.8401],[24.7128,47.8259],[24.7937,47.8045],[24.8082,47.7957],[24.8207,47.7841],[24.8544,47.7431],[24.8778,47.7187],[24.8966,47.7101]],[[24.4856,47.9432],[24.5421,47.9438]],[[24.1502,47.9129],[24.2093,47.8976],[24.231,47.897]],[[24.1487,47.9121],[24.1502,47.9129]],[[28.1995,45.4618],[28.2129,45.4502]],[[28.2376,45.4521],[28.2669,45.4405],[28.2864,45.4217],[28.2812,45.4018],[28.3108,45.3478],[28.3302,45.3229],[28.3533,45.3124],[28.3702,45.3092],[28.4052,45.2951],[28.4942,45.2789],[28.577,45.2481],[28.7101,45.227]],[[28.2129,45.4502],[28.2151,45.4504],[28.2376,45.4521]],[[29.3221,45.4438],[29.333,45.4421],[29.3439,45.4381],[29.3537,45.4359],[29.4306,45.4304],[29.5697,45.395],[29.6164,45.3653],[29.6281,45.3608],[29.6503,45.3461],[29.6671,45.3119],[29.6723,45.2729],[29.6593,45.2442],[29.665,45.2379],[29.6665,45.2306],[29.6642,45.2232],[29.6591,45.2159]],[[29.2608,45.422],[29.2818,45.4223],[29.2905,45.4246],[29.2993,45.4289],[29.307,45.4341],[29.3128,45.4393],[29.3221,45.4438]],[[29.2446,45.4242],[29.2608,45.422]],[[28.9299,45.2791],[28.9528,45.2851],[28.9574,45.292],[28.9604,45.3113],[28.9665,45.3199],[28.9737,45.3237],[28.9824,45.3255],[29.0046,45.3261],[29.0182,45.3309],[29.0695,45.3608],[29.1103,45.3691],[29.1275,45.3745],[29.1419,45.3851],[29.1501,45.3879],[29.1743,45.389],[29.1794,45.3919],[29.1831,45.399],[29.1916,45.4062],[29.2067,45.4154],[29.2282,45.4237],[29.2446,45.4242]],[[28.8163,45.3261],[28.8318,45.3223],[28.8581,45.3091],[28.8809,45.3062],[28.8936,45.2998],[28.91,45.2874],[28.9299,45.2791]],[[28.7101,45.227],[28.7474,45.2305],[28.7787,45.2311],[28.7914,45.235],[28.8027,45.2442],[28.7743,45.2534],[28.7673,45.2578],[28.7626,45.2651],[28.7597,45.2742],[28.7615,45.2818],[28.7902,45.2921],[28.7886,45.3071],[28.7897,45.3214],[28.8163,45.3261]]]}},{"type":"Feature","properties":{},"geometry":{"type":"MultiLineString","coordinates":[[[27.583,48.486],[27.6048,48.4841],[27.6069,48.4578],[27.627,48.4513]],[[27.4035,48.4115],[27.4202,48.4171],[27.4809,48.4514],[27.5038,48.4724],[27.5039,48.4724],[27.5452,48.4724],[27.5571,48.4744],[27.583,48.486]],[[27.7518,48.452],[27.7853,48.4416],[27.8499,48.4096],[27.8648,48.3989],[27.8854,48.3784],[27.8967,48.3672],[27.9045,48.3625],[27.9264,48.3394],[27.9671,48.3289],[28.0032,48.3259],[28.0559,48.3215],[28.0764,48.3149],[28.0928,48.3021],[28.0983,48.2841],[28.0787,48.2449],[28.0933,48.2374],[28.1156,48.2367]],[[27.627,48.4513],[27.7518,48.452]],[[27.3422,48.4361],[27.3614,48.4328],[27.3898,48.415],[27.4035,48.4115]],[[27.2086,48.3606],[27.2465,48.3737],[27.2519,48.3783],[27.306,48.4237],[27.3422,48.4361]],[[27.0374,48.3997],[27.048,48.3977],[27.0688,48.3889],[27.1758,48.3618],[27.2086,48.3606]],[[27.0277,48.3577],[27.0331,48.3602],[27.0318,48.3652],[27.0285,48.3708],[27.0278,48.3748],[27.0282,48.3814],[27.0254,48.3899],[27.0263,48.3971],[27.0374,48.3997]],[[26.8428,48.3937],[26.876,48.384],[26.9087,48.3652],[26.9432,48.3513]],[[26.8169,48.3717],[26.8256,48.3778],[26.8284,48.3851],[26.8319,48.3914],[26.8428,48.3937]],[[26.7936,48.3763],[26.8101,48.3719],[26.8169,48.3717]],[[26.7546,48.2861],[26.7744,48.2872],[26.7857,48.2941],[26.7901,48.3071],[26.7894,48.3259],[26.7841,48.3452],[26.7782,48.3572],[26.7775,48.3662],[26.7881,48.376],[26.7936,48.3763]],[[26.9906,48.3624],[26.9978,48.3615],[27.0046,48.3588]],[[26.9432,48.3513],[26.9811,48.3557],[26.9906,48.3624]],[[27.0156,48.3594],[27.0277,48.3577]],[[27.0046,48.3588],[27.0156,48.3594]],[[26.6798,48.3302],[26.6994,48.3251],[26.713,48.3149],[26.7236,48.3026],[26.7359,48.2918],[26.7546,48.2861]],[[26.6179,48.259],[26.6186,48.2672],[26.6251,48.2829],[26.6361,48.2949],[26.6691,48.3088],[26.674,48.3217],[26.6798,48.3302]],[[28.1785,48.2589],[28.1858,48.2424],[28.1894,48.2231],[28.1999,48.2117],[28.217,48.2081]],[[28.1156,48.2367],[28.1311,48.2396],[28.1621,48.2572],[28.1785,48.2589]],[[28.3406,48.2401],[28.3577,48.2386],[28.3682,48.2306],[28.37,48.2116],[28.3634,48.191],[28.3523,48.1819],[28.3379,48.1755],[28.3222,48.1632],[28.3156,48.1493],[28.3174,48.1354],[28.3286,48.127]],[[28.217,48.2081],[28.2403,48.2116],[28.2617,48.22],[28.2775,48.2291],[28.2945,48.2365],[28.3406,48.2401]],[[28.4116,48.1707],[28.4273,48.1634],[28.4369,48.1499],[28.4357,48.1347],[28.419,48.1222],[28.4474,48.0828],[28.4594,48.0745],[28.4796,48.0649]],[[28.3286,48.127],[28.3496,48.1297],[28.365,48.1415],[28.3756,48.1566],[28.3886,48.1686],[28.4116,48.1707]],[[28.5416,48.156],[28.5736,48.155],[28.6656,48.1293],[28.7351,48.1287],[28.7712,48.1245],[28.7993,48.1118],[28.8059,48.1038],[28.8084,48.0966],[28.8092,48.0898],[28.8116,48.0829],[28.8276,48.057],[28.8308,48.0309],[28.8325,48.0248],[28.8393,48.0183],[28.8557,48.0079],[28.8621,48.0005],[28.8826,47.9768],[28.9148,47.9531],[28.9361,47.9422],[28.9504,47.9348],[28.9808,47.9264]],[[28.4796,48.0649],[28.49,48.0655],[28.4937,48.0748],[28.4942,48.0918],[28.4998,48.1089],[28.5011,48.1128],[28.5011,48.1129],[28.5193,48.1491],[28.5416,48.156]],[[29.0927,47.9802],[29.11,47.9797],[29.124,47.976],[29.1363,47.9682],[29.148,47.9554],[29.1558,47.9399],[29.1646,47.9056],[29.1726,47.891],[29.1866,47.8836],[29.226,47.8756],[29.236,47.8707],[29.2328,47.8571],[29.2174,47.8429],[29.1989,47.8295],[29.1867,47.8182],[29.1777,47.8007],[29.1778,47.7897],[29.1874,47.7832],[29.222,47.7748],[29.2347,47.7668],[29.2386,47.756],[29.2267,47.7432],[29.197,47.7175],[29.1915,47.6863],[29.1924,47.6509],[29.1821,47.6132],[29.1562,47.5828],[29.1305,47.5596],[29.1174,47.5333],[29.1304,47.4932],[29.1305,47.4931],[29.1306,47.493],[29.1307,47.4929],[29.1372,47.484],[29.14,47.4802],[29.1556,47.45],[29.1639,47.4394],[29.1821,47.4299]],[[28.9808,47.9264],[29.0172,47.9311],[29.061,47.9698],[29.0927,47.9802]],[[29.2184,47.4516],[29.2326,47.4463],[29.2507,47.4254],[29.2814,47.4115],[29.2882,47.4008],[29.2927,47.3889],[29.3008,47.3782],[29.3147,47.3727],[29.3304,47.3705],[29.3458,47.3658],[29.3589,47.3527],[29.3641,47.3369],[29.3645,47.3224],[29.3676,47.3082],[29.3709,47.3044],[29.3808,47.293],[29.3945,47.2847],[29.4096,47.2798],[29.4256,47.2787]],[[29.1821,47.4299],[29.1924,47.4358],[29.2019,47.4466],[29.2184,47.4516]],[[29.5011,47.3398],[29.521,47.3389],[29.5399,47.3342],[29.5566,47.324],[29.5701,47.3068],[29.5793,47.2836],[29.5802,47.2605],[29.5687,47.2431],[29.544,47.2343],[29.5404,47.2125],[29.5506,47.1602],[29.5448,47.1356],[29.5304,47.1237],[29.5087,47.1194],[29.4809,47.1175],[29.4786,47.1146],[29.4779,47.1115],[29.4787,47.1085],[29.4809,47.1052],[29.5115,47.066],[29.5201,47.0599]],[[29.4256,47.2787],[29.4417,47.2821],[29.4592,47.2935],[29.4661,47.3074],[29.4706,47.3227],[29.4809,47.3383],[29.5011,47.3398]],[[29.5702,47.0914],[29.5834,47.0852],[29.5949,47.0746],[29.6021,47.061],[29.603,47.0458],[29.5954,47.0321],[29.5834,47.0228],[29.5725,47.0118],[29.565,46.9745],[29.5606,46.9613],[29.5598,46.9588],[29.5587,46.9457],[29.5675,46.9347],[29.5732,46.9337]],[[29.5201,47.0599],[29.531,47.066],[29.5397,47.0789],[29.5514,47.0902],[29.5702,47.0914]],[[29.5985,46.9354],[29.6076,46.932],[29.6233,46.9195],[29.6319,46.9144],[29.6481,46.9104],[29.6809,46.9086],[29.6962,46.9047],[29.7125,46.8934],[29.7358,46.8672],[29.7541,46.858],[29.7858,46.8547]],[[29.5732,46.9337],[29.5985,46.9354]],[[29.8152,46.8566],[29.8436,46.8541],[29.8722,46.8377],[29.8769,46.8308],[29.8849,46.8127],[29.8896,46.8072],[29.8985,46.8067]],[[29.7858,46.8547],[29.8152,46.8566]],[[29.9174,46.814],[29.9282,46.8098],[29.9307,46.8031],[29.9305,46.7816],[29.9318,46.7724],[29.9357,46.7652],[29.9467,46.7507],[29.9511,46.7431],[29.9526,46.7247],[29.9444,46.6625],[29.9403,46.6508],[29.9354,46.6419],[29.9319,46.6324],[29.9313,46.6192],[29.9349,46.6088],[29.9474,46.5883],[29.9497,46.5789],[29.9381,46.5573],[29.9161,46.5544],[29.8988,46.5531],[29.9019,46.5308],[29.9161,46.5188],[29.9602,46.5059],[29.9621,46.5034],[29.967,46.4939],[29.9706,46.4917]],[[29.8985,46.8067],[29.9077,46.8109],[29.9174,46.814]],[[29.2007,46.3571],[29.1837,46.3672],[29.1834,46.3776],[29.1903,46.3872],[29.1993,46.3965],[29.2056,46.4061],[29.2076,46.4179],[29.2068,46.5025],[29.2002,46.524],[29.1842,46.538],[29.1831,46.538],[29.1627,46.5381]],[[29.1627,46.5381],[29.0749,46.5037],[29.0559,46.4987],[29.0203,46.4895],[28.9458,46.4548],[28.9254,46.4328],[28.9192,46.4047],[28.9273,46.368],[28.9449,46.3207],[28.9458,46.305],[28.9399,46.287],[28.9329,46.2726],[28.9335,46.259],[28.9506,46.2431],[28.9508,46.2431],[28.9841,46.2212],[29.0098,46.2044],[29.0154,46.1826],[29.0035,46.1589],[28.9808,46.1321],[28.9464,46.1051],[28.9388,46.0893],[28.9412,46.0647],[28.9589,46.021],[28.9569,46.0014],[28.932,45.9932],[28.7576,45.9612],[28.7402,45.9532],[28.7292,45.9386],[28.7284,45.922],[28.7423,45.8873],[28.7464,45.8706],[28.745,45.8505],[28.7383,45.8376],[28.7256,45.8288],[28.7064,45.8211],[28.6773,45.8166],[28.6698,45.812],[28.6694,45.8063],[28.6719,45.7973],[28.6733,45.7869],[28.6698,45.7773],[28.6436,45.7665],[28.5767,45.7619],[28.5606,45.7432],[28.5635,45.7355],[28.5676,45.7246],[28.5614,45.7166],[28.5325,45.7101],[28.5152,45.702],[28.5042,45.6937],[28.4809,45.6695],[28.474,45.6579],[28.4829,45.6508],[28.4985,45.6443],[28.5113,45.635],[28.5169,45.621],[28.5188,45.607],[28.5231,45.5932],[28.5369,45.5798],[28.5104,45.571],[28.5046,45.5672],[28.5037,45.5661],[28.4982,45.5587],[28.498,45.5564],[28.5,45.5546],[28.5065,45.5206],[28.502,45.5087],[28.4809,45.502]],[[29.9893,46.4987],[29.9949,46.4985],[30.0029,46.4942]],[[29.9706,46.4917],[29.9771,46.4932],[29.9893,46.4987]],[[29.6156,46.3618],[29.5986,46.3631],[29.583,46.3697],[29.5694,46.3823],[29.5556,46.4042],[29.5414,46.413],[29.5275,46.4167],[29.4961,46.4208],[29.4809,46.4252],[29.4751,46.4323],[29.4733,46.4398],[29.4753,46.4476],[29.4809,46.4555],[29.4862,46.4625],[29.4882,46.4694],[29.4864,46.4759],[29.4809,46.482],[29.4576,46.4847]],[[29.4576,46.4847],[29.4567,46.4844],[29.4368,46.4767],[29.4182,46.4625],[29.3747,46.4162],[29.3621,46.4159]],[[29.3621,46.4159],[29.3442,46.4342],[29.3208,46.4687],[29.3067,46.472]],[[29.3067,46.472],[29.2891,46.4516],[29.2859,46.4395],[29.2907,46.4193],[29.2901,46.4102],[29.2833,46.3974],[29.2782,46.3959]],[[29.8281,46.3394],[29.8082,46.3547],[29.8062,46.3616],[29.8067,46.3809],[29.8051,46.39],[29.8003,46.3984],[29.7796,46.4211],[29.727,46.4558],[29.7141,46.4712]],[[29.7141,46.4712],[29.7138,46.4431],[29.7029,46.4283],[29.6827,46.4229],[29.6544,46.4227],[29.648,46.4164],[29.6529,46.3919],[29.6455,46.3756],[29.6321,46.3661],[29.6156,46.3618]],[[29.2782,46.3959],[29.2714,46.3974]],[[29.2714,46.3974],[29.2592,46.3944],[29.2229,46.3665],[29.2007,46.3571]],[[30.0373,46.3689],[29.9187,46.3737]],[[29.9187,46.3737],[29.9025,46.3712],[29.8847,46.3642],[29.8478,46.3415],[29.8281,46.3394]],[[28.4809,45.502],[28.4168,45.5038],[28.3419,45.5176],[28.2705,45.5215]],[[28.2705,45.5215],[28.2704,45.5215],[28.2173,45.4933],[28.2172,45.4932],[28.2172,45.4931],[28.2085,45.4814],[28.2016,45.4689],[28.1995,45.4618]]]}},{"type":"Feature","properties":{},"geometry":{"type":"MultiLineString","coordinates":[[[23.5647,53.7424],[23.5647,53.7425],[23.5404,53.7636],[23.5299,53.7842],[23.5207,53.8373],[23.5104,53.8625],[23.4972,53.8855],[23.4869,53.91],[23.4856,53.9393]],[[23.2842,52.2197],[23.2123,52.2317],[23.1897,52.2405],[23.1977,52.2583],[23.1945,52.2715],[23.1835,52.2813],[23.1761,52.2851],[23.1687,52.2889],[23.1656,52.2894],[23.2121,52.3475],[23.2304,52.3651],[23.2705,52.3951],[23.3923,52.5096],[23.4805,52.5544],[23.569,52.5859],[23.7362,52.6149],[23.869,52.67],[23.9088,52.6999],[23.9225,52.7426],[23.9204,52.7726],[23.9121,52.8939],[23.9095,52.9015],[23.9054,52.9065],[23.902,52.9125],[23.9011,52.9233],[23.9039,52.9311],[23.915,52.9446],[23.918,52.9508],[23.9175,52.9588],[23.9091,52.9867],[23.909,52.993],[23.9113,53.0051],[23.9097,53.0127],[23.8982,53.0275],[23.8679,53.051],[23.8593,53.068],[23.8607,53.0875],[23.8703,53.1013],[23.8824,53.1133],[23.8914,53.1277],[23.8937,53.152],[23.8831,53.164],[23.866,53.172],[23.8481,53.1838],[23.8362,53.1993],[23.8284,53.2138],[23.8186,53.228],[23.8006,53.2425],[23.783,53.2709],[23.743,53.3655],[23.7229,53.3971],[23.6758,53.4557],[23.5909,53.6113],[23.5671,53.681],[23.5648,53.7424]],[[23.5648,53.7424],[23.5647,53.7424]],[[23.3914,52.1825],[23.3885,52.1842],[23.3958,52.1934],[23.3958,52.1996],[23.3748,52.2009],[23.3127,52.2153],[23.2996,52.2234]],[[23.2996,52.2234],[23.2842,52.2197]],[[23.4709,52.1716],[23.4643,52.1764],[23.4544,52.1815],[23.4505,52.1859]],[[23.4505,52.1859],[23.4367,52.1757]],[[23.4367,52.1757],[23.4272,52.1768],[23.4182,52.1825],[23.4057,52.1859]],[[23.4057,52.1859],[23.3914,52.1825]],[[23.5319,52.1206],[23.5125,52.1244],[23.4847,52.1586],[23.4887,52.1621],[23.4915,52.1741],[23.4877,52.1816]],[[23.4877,52.1816],[23.4709,52.1716]],[[23.5672,51.5549],[23.574,51.5553],[23.5521,51.5788],[23.5434,51.5927],[23.5399,51.6071],[23.5452,51.6341],[23.5438,51.6438],[23.5324,51.6515],[23.5324,51.659],[23.5414,51.6597],[23.5475,51.6621],[23.5604,51.672],[23.5554,51.6763],[23.5493,51.6832],[23.5461,51.6896],[23.55,51.6924],[23.5592,51.6952],[23.5569,51.7014],[23.5502,51.7084],[23.5466,51.7136],[23.5523,51.7366],[23.5563,51.7474],[23.5604,51.7545],[23.5773,51.7667],[23.5983,51.7747],[23.6175,51.7865],[23.6287,51.8098],[23.6103,51.8252],[23.5946,51.8433],[23.6057,51.8516],[23.6099,51.8733],[23.6218,51.8774],[23.6213,51.882],[23.6206,51.8832],[23.6188,51.8833],[23.6149,51.8843],[23.6214,51.8956],[23.6222,51.9279],[23.6287,51.9463],[23.6476,51.9741],[23.6607,51.9869],[23.6764,51.9941],[23.6649,52.0112],[23.6508,52.0489],[23.6425,52.0614],[23.6415,52.0729],[23.6375,52.0845],[23.6253,52.0897],[23.6158,52.0923],[23.6099,52.0986],[23.6048,52.1068],[23.5982,52.1145],[23.5794,52.1215]],[[23.5794,52.1215],[23.5319,52.1206]],[[23.5604,51.5553],[23.5672,51.5549]],[[23.6062,51.5174],[23.6023,51.5308],[23.5887,51.5359],[23.5728,51.5397],[23.5604,51.5553]]]}},{"type":"Feature","properties":{},"geometry":{"type":"MultiLineString","coordinates":[[[24.0469,50.8291],[24.0673,50.8348],[24.1005,50.835],[24.1309,50.8391],[24.1432,50.8564],[24.1302,50.8689],[24.0469,50.898],[23.9793,50.9375],[23.9644,50.9532],[23.9589,50.9663],[23.9578,50.9753],[23.9551,50.9836],[23.944,50.9942],[23.9318,50.9995],[23.9191,51.0027],[23.9117,51.0068],[23.916,51.0147],[23.916,51.0209],[23.9042,51.0627],[23.8955,51.0761],[23.8693,51.1017],[23.8545,51.1215],[23.8582,51.1307],[23.8747,51.1361],[23.8636,51.1483],[23.816,51.1788],[23.7652,51.199],[23.7427,51.2163],[23.6873,51.2924],[23.6702,51.2994],[23.6509,51.2996],[23.6352,51.3047],[23.6287,51.326],[23.634,51.3393],[23.6478,51.354],[23.6656,51.3658],[23.6839,51.3703],[23.6777,51.3838],[23.6789,51.3941],[23.686,51.4011],[23.6976,51.4044],[23.6894,51.4164],[23.6487,51.454],[23.6472,51.4602],[23.6628,51.4802],[23.6486,51.4862],[23.6305,51.4904],[23.6148,51.4972],[23.6081,51.5112],[23.6062,51.5174]],[[24.0205,50.8386],[24.0469,50.8291]],[[22.6878,49.1559],[22.6817,49.1612],[22.6871,49.1734],[22.7029,49.195],[22.7171,49.2304],[22.7339,49.2609],[22.7378,49.2754],[22.7242,49.3671],[22.7198,49.383],[22.7142,49.3906],[22.6926,49.4055],[22.6796,49.4189],[22.6768,49.4245],[22.6731,49.4358],[22.6669,49.4784],[22.6601,49.493],[22.6409,49.5288],[22.6658,49.5674],[22.7417,49.6337],[22.759,49.6656],[22.7662,49.6742],[22.7773,49.6805],[22.7988,49.6833],[22.8098,49.6863],[22.8266,49.6974],[22.8882,49.7697],[22.898,49.7774],[22.9067,49.7812],[22.9244,49.7854],[22.9331,49.7911],[22.9378,49.7982],[22.9459,49.8184],[22.9512,49.8266],[22.993,49.8544],[23.1015,49.9571],[23.1413,49.9855],[23.1778,50.004],[23.2079,50.034],[23.4364,50.1935],[23.4816,50.216],[23.5361,50.2428],[23.5362,50.2428],[23.5363,50.2428],[23.5364,50.2428],[23.5653,50.2578],[23.6442,50.3127],[23.658,50.3256],[23.6587,50.327],[23.6712,50.3536],[23.6822,50.3682],[23.6957,50.3768],[23.713,50.3824],[23.7475,50.3894],[23.9287,50.3908],[23.9813,50.4048],[24.0032,50.4377],[24.0078,50.4485],[24.0094,50.4615],[24.0079,50.4807],[24.0107,50.4928],[24.075,50.5143],[24.094,50.5272],[24.1065,50.5386],[24.1077,50.5408],[24.1025,50.5436],[24.0954,50.5569],[24.0853,50.6044],[24.1084,50.6299],[24.1082,50.6303],[24.0828,50.6692],[24.0749,50.6902],[24.081,50.713],[24.0542,50.7172],[24.0269,50.728],[24.0128,50.7433],[24.0259,50.7608],[24.0259,50.767],[23.9979,50.7692],[23.9743,50.7762],[23.9595,50.7889],[23.9576,50.808],[23.9699,50.8252],[23.9929,50.8362],[24.0205,50.8386]],[[22.8553,48.994],[22.867,49.01],[22.865,49.0132],[22.8638,49.0154],[22.8475,49.0337],[22.8432,49.0431],[22.8444,49.0567],[22.8535,49.0763],[22.8534,49.0848],[22.8413,49.0949],[22.7965,49.1114],[22.7781,49.1203],[22.7488,49.1456],[22.7164,49.1606],[22.7202,49.1612],[22.7214,49.1616],[22.7057,49.1688]],[[22.7057,49.1688],[22.6925,49.1579],[22.6878,49.1559]],[[22.5607,49.0855],[22.5808,49.0814],[22.6183,49.0542],[22.6429,49.0432],[22.6644,49.0415]],[[22.5396,49.0722],[22.5607,49.0855]],[[22.7445,49.0455],[22.7553,49.0447],[22.7655,49.0384],[22.784,49.0214],[22.795,49.019],[22.8129,49.0129],[22.835,48.9997],[22.8553,48.994]],[[22.722,49.041],[22.7445,49.0455]],[[22.6858,49.0428],[22.722,49.041]],[[22.6644,49.0415],[22.6858,49.0428]]]}},{"type":"Feature","properties":{},"geometry":{"type":"MultiLineString","coordinates":[[[28.1489,56.1424],[28.111,56.1568]],[[28.111,56.1568],[28.0682,56.1476],[28.0511,56.1407],[28.0238,56.1297],[27.981,56.118],[27.9397,56.1131],[27.9271,56.1094],[27.9115,56.1002],[27.9015,56.0893],[27.8927,56.0771],[27.8807,56.0639],[27.8125,56.0345],[27.7812,56.0164],[27.777,55.9924],[27.7444,55.9597],[27.645,55.9228],[27.6172,55.8786],[27.6101,55.831],[27.6015,55.8096],[27.5927,55.7942],[27.5646,55.7922]],[[27.263,55.7872],[27.2355,55.7958],[27.1732,55.8257],[27.1514,55.8325],[27.1108,55.8363]],[[27.1108,55.8363],[26.9811,55.8269],[26.9794,55.8263],[26.9578,55.8186],[26.9001,55.7787],[26.8428,55.7193],[26.8228,55.7061],[26.743,55.6829],[26.7201,55.6819]],[[27.5646,55.7922],[27.4388,55.7987],[27.4059,55.8043],[27.3746,55.8148],[27.3496,55.8312]],[[27.3496,55.8312],[27.3292,55.8176],[27.2824,55.7919],[27.263,55.7872]],[[26.7201,55.6819],[26.6669,55.694],[26.6401,55.6956]],[[26.6401,55.6956],[26.6156,55.688],[26.5945,55.667]]]}},{"type":"Feature","properties":{},"geometry":{"type":"MultiLineString","coordinates":[[[21.3749,55.29],[21.4055,55.2724],[21.4677,55.2112],[21.5039,55.1944],[21.6051,55.1925],[21.6458,55.181],[21.7162,55.1495],[21.7334,55.1363],[21.7506,55.128],[21.8199,55.1193],[21.8539,55.1022],[21.8732,55.0949],[21.9086,55.0899],[21.933,55.0805],[21.9428,55.0783]],[[21.2676,55.2487],[21.3498,55.2878],[21.3749,55.29]],[[22.0034,55.0935],[22.0154,55.0884],[22.0186,55.0773],[22.0186,55.0609],[22.0277,55.0444],[22.05,55.0335],[22.0768,55.0286]],[[21.9428,55.0783],[21.9514,55.0805],[21.9775,55.092],[22.0034,55.0935]],[[22.5411,55.0758],[22.5655,55.0678],[22.5712,55.064],[22.5807,55.0576],[22.5916,55.0376],[22.6084,54.9924],[22.6217,54.97],[22.6335,54.9579],[22.6499,54.9529]],[[22.4363,55.0578],[22.5411,55.0758]],[[22.2513,55.0709],[22.2699,55.0695],[22.4363,55.0578]],[[22.0768,55.0286],[22.0999,55.0299],[22.1185,55.0378],[22.1298,55.047],[22.1427,55.0546],[22.2513,55.0709]],[[22.7061,54.9531],[22.7155,54.9514],[22.7221,54.9472],[22.7292,54.9404],[22.7388,54.9341],[22.7521,54.9311],[22.741,54.9176],[22.7492,54.9099],[22.8089,54.8938],[22.8213,54.8855],[22.8293,54.8727],[22.8443,54.8323],[22.8484,54.8138],[22.8458,54.7961],[22.8328,54.7787],[22.8178,54.7692],[22.7867,54.756],[22.773,54.7425],[22.7648,54.7371],[22.7473,54.7316],[22.7367,54.7263],[22.7283,54.7251],[22.7248,54.7234],[22.7228,54.7186],[22.7248,54.7138],[22.7275,54.7093],[22.727,54.7053],[22.7051,54.6865],[22.7009,54.6796],[22.7008,54.6693],[22.707,54.6465],[22.7081,54.6356],[22.7037,54.6175],[22.6817,54.5699],[22.6746,54.4923],[22.6804,54.4532],[22.707,54.4187],[22.7672,54.3563]],[[22.6499,54.9529],[22.7061,54.9531]]]}},{"type":"Feature","properties":{},"geometry":{"type":"MultiLineString","coordinates":[[[28.3109,56.0427],[28.2898,56.0466],[28.2694,56.0582],[28.2385,56.0826],[28.1691,56.1253],[28.1489,56.1424]],[[28.809,55.9346],[28.7319,55.9468],[28.7064,55.9598],[28.6955,55.9802],[28.69,56.0039],[28.6806,56.0274],[28.6719,56.0376],[28.6371,56.0657],[28.6207,56.083],[28.6115,56.0885],[28.5947,56.0924],[28.5378,56.0977]],[[28.5378,56.0977],[28.3898,56.0886],[28.3665,56.0791],[28.3334,56.0502],[28.3109,56.0427]],[[29.4337,55.8995],[29.4406,55.9005],[29.4444,55.9069],[29.4411,55.9149],[29.4316,55.9242],[29.4131,55.938],[29.3956,55.9477],[29.3774,55.954],[29.224,55.9782],[29.1929,55.9921],[29.1454,56.012],[29.0886,56.0232],[29.0308,56.0242]],[[29.0308,56.0242],[28.9808,56.0135],[28.9225,55.9922],[28.9223,55.9922],[28.9222,55.9922],[28.9221,55.9921],[28.8597,55.9765],[28.8331,55.961],[28.8309,55.9377],[28.809,55.9346]],[[29.4256,55.9],[29.4337,55.8995]],[[29.4809,55.6811],[29.461,55.6873],[29.4131,55.7278],[29.3634,55.7515],[29.3507,55.7661],[29.3436,55.787],[29.3482,55.8028],[29.3719,55.8364],[29.3757,55.8468],[29.3807,55.8712],[29.3841,55.8799],[29.392,55.8884],[29.3996,55.8919],[29.4078,55.8939],[29.4174,55.898],[29.4256,55.9]],[[30.1063,55.8219],[29.9882,55.8468],[29.9477,55.8482]],[[29.9477,55.8482],[29.9078,55.8432],[29.8695,55.8305],[29.8448,55.8126],[29.8057,55.7715],[29.7799,55.7638]],[[29.7799,55.7638],[29.7108,55.7738]],[[29.7108,55.7738],[29.6842,55.7706],[29.5854,55.738],[29.5081,55.6855],[29.4809,55.6811]]]}},{"type":"Feature","properties":{},"geometry":{"type":"MultiLineString","coordinates":[[[22.6984,54.3429],[22.5104,54.3488],[22.2771,54.3561],[21.9989,54.3647],[21.7208,54.3733],[21.2874,54.3868],[20.9296,54.3978],[20.6408,54.4068],[20.3521,54.4157],[19.9647,54.4278],[19.7583,54.4343],[19.6803,54.4367],[19.6308,54.4467],[19.6095,54.4567]],[[22.7672,54.3563],[22.6984,54.3429]]]}},{"type":"Feature","properties":{},"geometry":{"type":"MultiLineString","coordinates":[[[28.1818,59.3561],[28.1865,59.3749],[28.1754,59.3819],[28.1496,59.3932],[28.1378,59.4004],[28.1284,59.4095],[28.1048,59.4392],[28.0834,59.4509],[28.0386,59.463],[28.0191,59.4818]],[[28.1575,59.364],[28.1818,59.3561]],[[28.0732,59.319],[28.0006,59.3337],[28.0324,59.342],[28.1136,59.3454],[28.1575,59.364]],[[28.0766,59.3053],[28.0969,59.3194]],[[28.0969,59.3194],[28.0732,59.319]],[[27.9597,59.3065],[28.0766,59.3053]],[[27.3529,57.5276],[27.345,57.5381],[27.3356,57.5539],[27.3285,57.5706],[27.328,57.5832],[27.3366,57.5917],[27.3489,57.5941],[27.3625,57.5945],[27.3748,57.5979],[27.3821,57.6027],[27.3849,57.607],[27.387,57.6276],[27.3851,57.6312],[27.3828,57.6345],[27.3802,57.6477],[27.3779,57.6517],[27.377,57.6567],[27.3797,57.6665],[27.3847,57.6744],[27.3914,57.6802],[27.4077,57.689],[27.4904,57.7046],[27.5078,57.7148],[27.5089,57.7275],[27.4978,57.7557],[27.5024,57.7725],[27.5124,57.7813],[27.5262,57.7873],[27.5539,57.7948],[27.5326,57.8051],[27.5246,57.8073],[27.5376,57.8116],[27.5563,57.8131],[27.7007,57.8248],[27.7635,57.8387],[27.7868,57.8476],[27.7993,57.8611],[27.7908,57.8809],[27.7744,57.8907],[27.6731,57.9128],[27.665,57.9184],[27.6594,57.9325],[27.6632,57.944],[27.6704,57.955],[27.6752,57.9678],[27.6691,57.992],[27.6506,58.0001],[27.6316,58.0042],[27.6301,58.033],[27.6366,58.0592],[27.6304,58.0883],[27.5797,58.1259],[27.54,58.1718],[27.5196,58.1945],[27.4954,58.2215],[27.4828,58.2686],[27.4941,58.3195],[27.5549,58.3952],[27.4989,58.5346],[27.4493,58.6585],[27.4288,58.7094],[27.4106,58.7549],[27.4463,58.8189],[27.4778,58.8754],[27.6053,58.9347],[27.6944,58.9759],[27.6959,58.9772],[27.7133,58.9919],[27.7244,59.0144],[27.7672,59.0559],[27.7843,59.0772],[27.8424,59.1612],[27.8735,59.2365],[27.8908,59.258],[27.8823,59.2757],[27.9039,59.2904],[27.9597,59.3065]]]}},{"type":"Feature","properties":{},"geometry":{"type":"MultiLineString","coordinates":[[[12.453,41.9039],[12.454,41.9039],[12.454,41.9028],[12.4531,41.9028]],[[12.4531,41.9028],[12.4527,41.903],[12.4528,41.9034],[12.453,41.9039]]]}},{"type":"Feature","properties":{},"geometry":{"type":"LineString","coordinates":[[14.2008,53.8782],[14.1928,53.8938],[14.1753,53.9065],[14.1848,53.9081],[14.1931,53.9115],[14.2101,53.9385]]}},{"type":"Feature","properties":{},"geometry":{"type":"LineString","coordinates":[[20.9246,55.2827],[20.9894,55.2731]]}},{"type":"Feature","properties":{},"geometry":{"type":"LineString","coordinates":[[13.6428,45.4594],[13.6241,45.4627],[13.5895,45.4888]]}},{"type":"Feature","properties":{},"geometry":{"type":"MultiLineString","coordinates":[[[16.5153,46.5017],[16.4911,46.5151],[16.4813,46.519],[16.4708,46.5203],[16.4491,46.5184],[16.4404,46.519],[16.432,46.5232],[16.4152,46.5356],[16.4063,46.5395],[16.3949,46.5401],[16.3822,46.5394],[16.3695,46.5406],[16.3579,46.547],[16.3517,46.5395],[16.3513,46.5399],[16.3441,46.547],[16.3403,46.5438],[16.33,46.5355],[16.3107,46.531],[16.2954,46.5244],[16.2639,46.5159],[16.2609,46.5136],[16.2349,46.4933],[16.2342,46.4849],[16.2337,46.4787],[16.2375,46.4651],[16.2494,46.4375],[16.2501,46.4294],[16.2482,46.4133],[16.2509,46.405],[16.257,46.3999],[16.2741,46.3921],[16.2787,46.3874],[16.2799,46.3787],[16.2803,46.3762],[16.2756,46.3732],[16.2528,46.3734],[16.2171,46.3674],[16.2087,46.3671],[16.1918,46.3698],[16.1775,46.3756],[16.1536,46.3914],[16.1439,46.3947],[16.1316,46.3931],[16.1232,46.3869],[16.1155,46.3793],[16.106,46.3737],[16.0943,46.3723],[16.0887,46.3731],[16.058,46.3775],[16.0574,46.3597],[16.0597,46.3453],[16.0596,46.3323],[16.0524,46.3186],[16.0499,46.3167],[16.0389,46.3084],[16.0192,46.2988],[15.9984,46.2915],[15.9937,46.2906],[15.982,46.2883],[15.9487,46.2842],[15.9189,46.2728],[15.8837,46.2594],[15.8809,46.2593],[15.8793,46.2593],[15.8342,46.2584],[15.8183,46.2555],[15.8031,46.2505],[15.7995,46.2486],[15.7891,46.2431],[15.7689,46.2194],[15.7498,46.2108],[15.678,46.2145],[15.6613,46.2153],[15.6398,46.2077],[15.6266,46.1952],[15.6229,46.1917],[15.6043,46.167],[15.59,46.1387],[15.5899,46.1135],[15.6038,46.091],[15.6236,46.0764],[15.6315,46.0706],[15.6437,46.0655],[15.6717,46.0574],[15.6839,46.0511],[15.6929,46.0416],[15.698,46.0362],[15.6936,46.0258],[15.682,46.0135],[15.6743,45.9933],[15.6742,45.9932],[15.6754,45.9725],[15.6771,45.9418],[15.6756,45.9252],[15.6704,45.9127],[15.6634,45.9008],[15.6594,45.8888],[15.6637,45.8761],[15.6755,45.856],[15.6761,45.8417],[15.6661,45.8317],[15.6456,45.8241],[15.6261,45.8202],[15.5873,45.8192],[15.5497,45.8237],[15.5235,45.8268],[15.5139,45.8234],[15.4953,45.8127],[15.4854,45.8102],[15.4739,45.8116],[15.4625,45.8142],[15.4513,45.8151],[15.4403,45.8115],[15.4356,45.8021],[15.4395,45.7917],[15.4411,45.7822],[15.4298,45.7757],[15.4291,45.7753],[15.331,45.7525],[15.3038,45.7461],[15.2635,45.7304],[15.255,45.7235],[15.2499,45.7137],[15.2489,45.7118],[15.2509,45.7077],[15.2582,45.7051],[15.2678,45.6985],[15.2778,45.685],[15.283,45.6801],[15.2919,45.6756],[15.3049,45.6721],[15.3091,45.6742],[15.3104,45.6782],[15.315,45.6809],[15.3271,45.6832],[15.3308,45.6846],[15.3339,45.6826],[15.35,45.6696],[15.352,45.6681],[15.3683,45.649],[15.3738,45.6402],[15.3531,45.6403],[15.3391,45.6369],[15.3267,45.6323],[15.2974,45.6257],[15.2916,45.6183],[15.2879,45.6103],[15.2811,45.6062],[15.2686,45.6017],[15.2696,45.5934],[15.2767,45.5827],[15.2822,45.5715],[15.2826,45.5706],[15.2886,45.5446],[15.2967,45.523],[15.311,45.5059],[15.3614,45.482],[15.3518,45.4761],[15.3339,45.4585],[15.3252,45.4528],[15.314,45.4505],[15.2816,45.451],[15.2258,45.4365],[15.1842,45.4256]],[[15.1842,45.4256],[15.1393,45.43],[15.0661,45.4739],[15.0562,45.4799],[15.0074,45.4808],[14.9975,45.4872],[14.9863,45.4909],[14.9773,45.4917],[14.9626,45.4931],[14.9454,45.5045],[14.9226,45.5149],[14.9044,45.5144],[14.9008,45.4931],[14.8816,45.4698],[14.8388,45.459],[14.7972,45.4652],[14.7815,45.4931],[14.7814,45.4932],[14.7812,45.4933],[14.7811,45.4933],[14.6883,45.522],[14.6685,45.534],[14.6682,45.5391],[14.6717,45.5568],[14.6698,45.5646],[14.664,45.57],[14.6637,45.5702],[14.6573,45.5728],[14.6503,45.5748],[14.616,45.5941],[14.6031,45.6036],[14.5939,45.6162],[14.5929,45.6297],[14.5941,45.648],[14.5919,45.6634],[14.5809,45.6678],[14.5691,45.6643],[14.5639,45.6627],[14.5561,45.6567],[14.5436,45.6364],[14.5331,45.6257],[14.5079,45.6058],[14.4986,45.5962],[14.4923,45.5834],[14.4915,45.5792],[14.4874,45.5566],[14.4821,45.5424],[14.4689,45.5256],[14.4297,45.5054],[14.4112,45.4932],[14.3728,45.4778],[14.3268,45.4749],[14.2804,45.4811],[14.2406,45.4933],[14.2187,45.4972],[14.1931,45.4919],[14.1455,45.4762],[14.1197,45.4729],[14.1173,45.473],[14.1167,45.473],[14.0929,45.4739],[14.0667,45.4803],[14.0416,45.4931],[14.0416,45.4932],[14.0283,45.5027],[14.014,45.508],[13.9875,45.5119],[13.9719,45.5142],[13.965,45.511],[13.9615,45.5039],[13.9615,45.4931],[13.9826,45.4753],[13.9698,45.463],[13.923,45.449],[13.9084,45.4389],[13.8996,45.4292],[13.889,45.4236],[13.8356,45.4291],[13.8199,45.4326],[13.8065,45.4421],[13.7593,45.4632],[13.66,45.46],[13.6429,45.4594]]]}},{"type":"Feature","properties":{},"geometry":{"type":"LineString","coordinates":[[19.0529,45.3454],[19.0672,45.3434],[19.083,45.3392],[19.0962,45.3291],[19.0988,45.3199],[19.1041,45.2987],[19.1585,45.2762],[19.1972,45.2649]]}},{"type":"Feature","properties":{},"geometry":{"type":"LineString","coordinates":[[19.2599,45.243],[19.2898,45.2363],[19.3781,45.2296],[19.3973,45.2233],[19.4078,45.2031],[19.4054,45.1797],[19.3939,45.1716],[19.3907,45.1693],[19.3043,45.1665],[19.2994,45.169],[19.2914,45.1777],[19.2867,45.1795],[19.2795,45.1772],[19.2758,45.1729],[19.2728,45.1684],[19.2678,45.1658],[19.2259,45.1619],[19.2045,45.1629],[19.1853,45.168],[19.1746,45.1758],[19.1558,45.195],[19.1439,45.1995],[19.1219,45.1958],[19.1288,45.1811],[19.1417,45.1622],[19.1377,45.146],[19.1161,45.1429],[19.0601,45.1469],[19.0449,45.1372],[19.0462,45.1284],[19.0542,45.1206],[19.0641,45.1136],[19.0715,45.1071],[19.0792,45.0946],[19.0823,45.0849],[19.086,45.0609],[19.0943,45.0314],[19.0954,45.0209],[19.0932,45.0115],[19.0885,44.9995],[19.0852,44.9873],[19.0872,44.9771],[19.0981,44.97],[19.1186,44.9756],[19.1276,44.9684],[19.1317,44.9532],[19.1245,44.9459],[19.1131,44.9424],[19.1036,44.9382],[19.0879,44.9193],[19.0787,44.9109],[19.0667,44.9057],[19.0521,44.907],[19.0319,44.9226],[19.0184,44.9257],[18.9914,44.9149],[18.9943,44.8948],[19.0158,44.8656]]}},{"type":"Feature","properties":{},"geometry":{"type":"LineString","coordinates":[[19.0075,45.3595],[19.0142,45.3534],[19.0302,45.3451],[19.0529,45.3454]]}},{"type":"Feature","properties":{},"geometry":{"type":"LineString","coordinates":[[19.1972,45.2649],[19.2599,45.243]]}},{"type":"Feature","properties":{},"geometry":{"type":"MultiLineString","coordinates":[[[-7.1049,38.8272],[-7.0887,38.8334],[-7.0765,38.8432],[-7.0643,38.8511],[-7.0561,38.8551],[-7.0573,38.8694],[-7.0522,38.885],[-7.066,38.9046],[-7.0445,38.9186],[-7.0221,38.9429],[-6.9886,38.9938],[-6.9788,39.0038],[-6.9733,39.014],[-6.9749,39.023],[-6.9863,39.0301],[-6.9794,39.0472],[-6.9857,39.0668],[-6.9997,39.0847],[-7.0158,39.0968],[-7.0388,39.1091],[-7.0649,39.1148]],[[-7.0649,39.1148],[-7.0913,39.1124],[-7.1152,39.1011],[-7.1273,39.0975],[-7.1425,39.0995],[-7.1572,39.1054],[-7.1675,39.1135],[-7.1689,39.1219],[-7.1579,39.1414],[-7.1558,39.1515],[-7.1681,39.1706],[-7.1916,39.1792],[-7.2193,39.1848],[-7.2441,39.1956],[-7.2581,39.2113],[-7.2658,39.2314],[-7.2643,39.2523],[-7.2508,39.2706],[-7.3005,39.3179],[-7.3193,39.3295],[-7.3267,39.3413],[-7.3314,39.3626],[-7.3319,39.3847],[-7.3267,39.3988],[-7.3189,39.4133],[-7.3136,39.4361],[-7.3135,39.4574],[-7.3209,39.4674],[-7.3629,39.4761],[-7.3842,39.484],[-7.3994,39.4937],[-7.4089,39.5156],[-7.4176,39.5242],[-7.4513,39.5378],[-7.4681,39.5502],[-7.4979,39.581],[-7.5158,39.5938],[-7.5482,39.6632],[-7.5559,39.6772],[-7.5573,39.6798],[-7.3414,39.6718],[-7.3278,39.6748],[-7.3114,39.6803],[-7.2928,39.6833],[-7.2529,39.6823],[-7.2358,39.6865],[-7.2141,39.6762],[-7.1829,39.6751],[-7.0358,39.6893],[-7.0211,39.694],[-7.0096,39.7155],[-7.0107,39.7228],[-7.0136,39.7296],[-7.0133,39.7389],[-7.0087,39.7483],[-6.9968,39.7647],[-6.993,39.7742],[-6.9946,39.7826],[-6.9989,39.7918],[-7.0003,39.8025],[-6.993,39.8161],[-6.9852,39.8211],[-6.9623,39.8285],[-6.9528,39.8329],[-6.9277,39.8619],[-6.9242,39.8716],[-6.9235,39.8883],[-6.9218,39.8972],[-6.9216,39.9022],[-6.9251,39.9122],[-6.9252,39.9179],[-6.9223,39.9224],[-6.9126,39.9281],[-6.9095,39.932],[-6.9037,39.9567],[-6.8998,39.9656],[-6.9016,39.9765],[-6.8969,39.9871],[-6.8797,40.0092],[-6.9199,40.0649],[-6.9421,40.0863],[-6.9557,40.1029],[-6.9664,40.1103],[-6.9772,40.1134],[-7.0037,40.1163],[-7.0158,40.1191],[-7.0277,40.1326],[-7.0348,40.1667],[-7.0431,40.1814],[-7.0346,40.1931],[-7.0248,40.2162],[-7.0158,40.2255],[-6.9978,40.2317],[-6.9547,40.2534],[-6.9421,40.255],[-6.9354,40.2558],[-6.9158,40.2544],[-6.8964,40.2555],[-6.8781,40.2652],[-6.8751,40.2712],[-6.8745,40.2792],[-6.8739,40.2878],[-6.8702,40.2955],[-6.8639,40.301],[-6.8208,40.3253],[-6.812,40.3323],[-6.7944,40.3564],[-6.8281,40.3806],[-6.8513,40.4095],[-6.8571,40.4421],[-6.8387,40.4772],[-6.8153,40.5025],[-6.8125,40.5146],[-6.8181,40.5319],[-6.8285,40.5455],[-6.8398,40.5546],[-6.8484,40.5648],[-6.8505,40.5822],[-6.8445,40.5978],[-6.8213,40.6302],[-6.8143,40.6472],[-6.8142,40.6593],[-6.8162,40.6772],[-6.8243,40.7107],[-6.837,40.7433],[-6.8391,40.7575],[-6.8391,40.7769],[-6.8373,40.7868],[-6.8345,40.7922],[-6.8335,40.7978],[-6.8368,40.8083],[-6.8381,40.8149],[-6.8367,40.8402],[-6.8203,40.8442],[-6.8162,40.8568],[-6.8212,40.8701],[-6.8321,40.8759],[-6.847,40.8789],[-6.8553,40.8872],[-6.8636,40.9083],[-6.8852,40.9489],[-6.8992,40.9668],[-6.9306,40.9921],[-6.9404,41.0034],[-6.9425,41.016],[-6.9318,41.0291],[-6.9279,41.0479],[-6.9274,41.0481],[-6.9068,41.0561],[-6.8453,41.0519],[-6.818,41.0541],[-6.8044,41.0644],[-6.7648,41.1089],[-6.7565,41.1271],[-6.759,41.1518],[-6.7552,41.1588],[-6.7422,41.1714],[-6.7069,41.1943],[-6.7013,41.2024],[-6.6938,41.2174],[-6.6582,41.2578],[-6.6466,41.2676],[-6.6289,41.2699],[-6.5635,41.2707],[-6.5545,41.2756],[-6.4959,41.2949],[-6.4631,41.3141],[-6.431,41.339],[-6.3996,41.3775],[-6.3955,41.3784],[-6.3832,41.3765],[-6.3792,41.3775],[-6.3767,41.383],[-6.3755,41.3908],[-6.3762,41.3969],[-6.3792,41.3973],[-6.3662,41.4052],[-6.3523,41.4093],[-6.3211,41.411],[-6.321,41.4196],[-6.2829,41.4656],[-6.2825,41.4723],[-6.2852,41.479],[-6.2859,41.4869],[-6.2795,41.497],[-6.2536,41.5175],[-6.2059,41.5703],[-6.2161,41.5801],[-6.2301,41.5949],[-6.2722,41.6282],[-6.3171,41.6501],[-6.3659,41.6636],[-6.4471,41.6762],[-6.4608,41.6766],[-6.4677,41.6721],[-6.4744,41.6659],[-6.488,41.6588],[-6.503,41.6531],[-6.5134,41.6509],[-6.5415,41.6589],[-6.5553,41.6749],[-6.5605,41.6945],[-6.5631,41.713],[-6.5677,41.7224],[-6.5743,41.731],[-6.5774,41.7397],[-6.5715,41.7492],[-6.5644,41.7575],[-6.5601,41.7669],[-6.5357,41.8486],[-6.5242,41.8674],[-6.5501,41.8739],[-6.5679,41.8759],[-6.5758,41.8829],[-6.5676,41.9261],[-6.5717,41.9426],[-6.5851,41.9547],[-6.6095,41.9623],[-6.6228,41.941],[-6.6568,41.9331],[-6.728,41.9309],[-6.7579,41.9376],[-6.7944,41.9797],[-6.8249,41.9838],[-6.8312,41.954],[-6.855,41.9429],[-6.9171,41.9391],[-6.9451,41.9434],[-6.9695,41.9577],[-6.9835,41.963],[-6.9924,41.9664],[-7.0158,41.9537],[-7.0513,41.942],[-7.0827,41.9528],[-7.1132,41.9724],[-7.1454,41.9875],[-7.1597,41.9857],[-7.1773,41.9784],[-7.1926,41.9696],[-7.1999,41.9637],[-7.2021,41.9497],[-7.1957,41.9174],[-7.1979,41.9015],[-7.2093,41.8892],[-7.2186,41.879],[-7.2515,41.8637],[-7.3225,41.8454],[-7.3405,41.8432],[-7.3768,41.844],[-7.3919,41.842],[-7.4054,41.8352],[-7.4295,41.8145],[-7.4427,41.806],[-7.447,41.8218],[-7.4566,41.8392],[-7.4694,41.8525],[-7.4833,41.8562],[-7.493,41.8569],[-7.5081,41.8649],[-7.5158,41.865],[-7.5233,41.8602],[-7.5252,41.8542],[-7.5263,41.8474],[-7.5316,41.8402],[-7.5467,41.832],[-7.5671,41.8266],[-7.5884,41.8242],[-7.6061,41.8255],[-7.6222,41.8323],[-7.6228,41.8417],[-7.6074,41.8732],[-7.6612,41.8749],[-7.6787,41.8813],[-7.7064,41.8963],[-7.722,41.8993],[-7.7501,41.8884],[-7.8122,41.8771],[-7.8392,41.8784],[-7.8497,41.8758],[-7.8544,41.8703],[-7.8579,41.8638],[-7.8648,41.8579],[-7.8966,41.8579],[-7.9034,41.8868],[-7.9061,41.9139],[-7.9258,41.9082],[-7.9305,41.8967],[-7.9354,41.88],[-7.9448,41.867],[-7.9634,41.8666],[-7.9794,41.8686],[-7.9936,41.8637],[-8.0059,41.854]]]}},{"type":"Feature","properties":{},"geometry":{"type":"LineString","coordinates":[[-7.4144,37.1928],[-7.4294,37.2367],[-7.4342,37.2593],[-7.4276,37.2745],[-7.4374,37.3073],[-7.445,37.3868],[-7.4623,37.4179],[-7.46,37.4291],[-7.4629,37.4511],[-7.4689,37.4756],[-7.4759,37.4943],[-7.4815,37.5004],[-7.4986,37.5117],[-7.5063,37.5181],[-7.5146,37.5283],[-7.5154,37.5293],[-7.5175,37.5352],[-7.5184,37.5419],[-7.5237,37.5557],[-7.5276,37.5555],[-7.5291,37.5567],[-7.5297,37.5672],[-7.5265,37.5712],[-7.5158,37.5809],[-7.5147,37.5859],[-7.5125,37.5904],[-7.5118,37.5953],[-7.5143,37.6014],[-7.5049,37.6064],[-7.4785,37.6289],[-7.4716,37.6369],[-7.4663,37.652],[-7.4575,37.7001],[-7.444,37.7302],[-7.4263,37.7506],[-7.3344,37.8119],[-7.3069,37.8508],[-7.2958,37.8849],[-7.2739,37.9315],[-7.2686,37.9492],[-7.2691,37.9594],[-7.2721,37.969],[-7.2727,37.977],[-7.2658,37.983],[-7.234,37.9881],[-7.2233,37.9938],[-7.2103,37.993],[-7.1976,37.9899],[-7.1853,37.9887],[-7.1729,37.9938],[-7.1597,37.9968],[-7.1522,38.0007],[-7.1419,38.0116],[-7.132,38.0324],[-7.1233,38.04],[-7.1059,38.0387],[-7.0494,38.0202],[-7.024,38.0226],[-7.0158,38.0468],[-7.0064,38.0593],[-6.9976,38.0896],[-6.979,38.1199],[-6.9655,38.1533],[-6.9576,38.1682],[-6.9475,38.1966],[-6.9506,38.1984],[-6.9642,38.2061],[-6.9921,38.2043],[-7.0181,38.198],[-7.021,38.1982],[-7.0264,38.1996],[-7.0387,38.1862],[-7.0631,38.1775],[-7.0883,38.1734],[-7.1035,38.1736],[-7.1171,38.1836],[-7.1269,38.1909],[-7.1672,38.2721],[-7.1724,38.2765],[-7.1895,38.2865],[-7.1963,38.2922],[-7.2007,38.2984],[-7.2071,38.3117],[-7.2114,38.3175],[-7.3171,38.4246],[-7.3455,38.441],[-7.3592,38.4464],[-7.3448,38.4583],[-7.3352,38.4694],[-7.3341,38.481],[-7.3456,38.4941],[-7.3358,38.5059],[-7.3177,38.5563],[-7.2759,38.6038],[-7.2704,38.6177]]}}]}